:* EIRENE input file generated with uinp v. 2.2                          
* Created with SOLPS-ITER Uinp version 3.0.6-51-g77005c5-dirty          
*** 1. Data for operating mode                                          
     2     1   200   406     1     1     0     1     0
    -1     1     0     1     1     9     1     0     1
TFFTF FFFFF TFFTF F
CFILE AMJUEL Database/AMdata/amjuel.tex        
CFILE HYDHEL Database/AMdata/hydhel.tex        
CFILE SPUTER Database/Surfacedata/SPUTER       
CFILE TRIM   Database/Surfacedata/TRIM/trim.dat
CFILE AMMONX Database/AMdata/ammoniaex.tex     
CFILE ADAS   modules/adas/adf11                
CFILE gr_ext Database/graphite_ext.dat         
CFILE mo_ext Database/mo_ext.dat               
*** 2. Data for standard mesh                                           
     6     1     1
T
FFFFT FFF
    37     1    93     3     0
 0.00000E+00 0.00000E+00 0.00000E+00
T
FFF
    93     0     0     0
 0.00000E+00 1.00000E+00 0.00000E+00 0.00000E+00
F
FTF
     0     0    60     0
 0.00000E+00 0.00000E+00 3.60000E+02 0.00000E+00 1.00000E-05
F
** 2e. Data for additional cells outside standard mesh                  
T
     2
 1.00000E+00 1.00000E+00
*** 3a. Data for non-default standard surfaces                          
     6
*   1 : Core side    1                                                  
     1     1     1    22    72     0     0     0     0
     2     2     0     0     0     6     0     0     0     0
*   2 : Target       1                                                  
     2     2     1     1    37     0     0     0     0
     1     2     0     0     0     6     0     0     0     0
SURFMOD_1_BERYLLIUM_SPT_1160K                                            
*   3 : Target       2                                                  
     3     2    93     1    37     0     0     0     0
     1     2     0     0     0     6     0     0     0     0
SURFMOD_1_BERYLLIUM_SPT_1160K                                            
*   4 : PFR side     1                                                  
     4     1     1     1    21     0     0     0     0
    -3     0     0     0     0     6     0     0     0    -1
SURFMOD_2_BERYLLIUM_SPT_580K                                            
*   5 : PFR side     2                                                  
     5     1     1    73    93     0     0     0     0
    -3     0     0     0     0     6     0     0     0    -1
SURFMOD_2_BERYLLIUM_SPT_580K                                            
*   6 : Outer side   1                                                  
     6     1    37     1    93     0     0     0     0
    -3     0     0     0     0     6     0     0     0    -2
SURFMOD_2_BERYLLIUM_SPT_580K                                            
*** 3b. Data for additional surfaces                                    
   180
*   1 :   5                                                                 
 2.00000E+00 1.00000E+00 1.00000E+00 1.00000E-05
     1     2     0     0     0     1     0     0     0    -2
 6.23648E+02-3.23689E+02-1.00000E+20 6.25810E+02-3.05133E+02 1.00000E+20
SURFMOD_2_BERYLLIUM_SPT_580K                                            
*   2 :   6                                                                 
 2.00000E+00 1.00000E+00 1.00000E+00 1.00000E-05
     1     2     0     0     0     1     0     0     0    -2
 6.25810E+02-3.05133E+02-1.00000E+20 6.45968E+02-2.89515E+02 1.00000E+20
SURFMOD_2_BERYLLIUM_SPT_580K                                            
*   3 :   7                                                                 
 2.00000E+00 1.00000E+00 1.00000E+00 1.00000E-05
     1     2     0     0     0     1     0     0     0    -2
 6.45968E+02-2.89515E+02-1.00000E+20 6.66126E+02-2.73898E+02 1.00000E+20
SURFMOD_2_BERYLLIUM_SPT_580K                                            
*   4 :   8                                                                 
 2.00000E+00 1.00000E+00 1.00000E+00 1.00000E-05
     1     2     0     0     0     1     0     0     0    -2
 6.66126E+02-2.73898E+02-1.00000E+20 6.86284E+02-2.58280E+02 1.00000E+20
SURFMOD_2_BERYLLIUM_SPT_580K                                            
*   5 :   9                                                                 
 2.00000E+00 1.00000E+00 1.00000E+00 1.00000E-05
     1     2     0     0     0     1     0     0     0    -2
 6.86284E+02-2.58280E+02-1.00000E+20 7.06442E+02-2.42663E+02 1.00000E+20
SURFMOD_2_BERYLLIUM_SPT_580K                                            
*   6 :  10                                                                 
 2.00000E+00 1.00000E+00 1.00000E+00 1.00000E-05
     1     2     0     0     0     1     0     0     0    -2
 7.06442E+02-2.42663E+02-1.00000E+20 7.26600E+02-2.27045E+02 1.00000E+20
SURFMOD_2_BERYLLIUM_SPT_580K                                            
*   7 :  11                                                                 
 2.00000E+00 1.00000E+00 1.00000E+00 1.00000E-05
     1     2     0     0     0     1     0     0     0    -2
 7.26600E+02-2.27045E+02-1.00000E+20 7.57468E+02-1.81398E+02 1.00000E+20
SURFMOD_2_BERYLLIUM_SPT_580K                                            
*   8 :  12                                                                 
 2.00000E+00 1.00000E+00 1.00000E+00 1.00000E-05
     1     2     0     0     0     1     0     0     0    -2
 7.57468E+02-1.81398E+02-1.00000E+20 7.88337E+02-1.35751E+02 1.00000E+20
SURFMOD_2_BERYLLIUM_SPT_580K                                            
*   9 :  13                                                                 
 2.00000E+00 1.00000E+00 1.00000E+00 1.00000E-05
     1     2     0     0     0     1     0     0     0    -2
 7.88337E+02-1.35751E+02-1.00000E+20 8.08916E+02-8.93408E+01 1.00000E+20
SURFMOD_2_BERYLLIUM_SPT_580K                                            
*  10 :  14                                                                 
 2.00000E+00 1.00000E+00 1.00000E+00 1.00000E-05
     1     2     0     0     0     1     0     0     0    -2
 8.08916E+02-8.93408E+01-1.00000E+20 8.29495E+02-4.29304E+01 1.00000E+20
SURFMOD_2_BERYLLIUM_SPT_580K                                            
*  11 :  15                                                                 
 2.00000E+00 1.00000E+00 1.00000E+00 1.00000E-05
     1     2     0     0     0     1     0     0     0    -2
 8.29495E+02-4.29304E+01-1.00000E+20 8.33960E+02 9.18481E+00 1.00000E+20
SURFMOD_2_BERYLLIUM_SPT_580K                                            
*  12 :  16                                                                 
 2.00000E+00 1.00000E+00 1.00000E+00 1.00000E-05
     1     2     0     0     0     1     0     0     0    -2
 8.33960E+02 9.18481E+00-1.00000E+20 8.38425E+02 6.13000E+01 1.00000E+20
SURFMOD_2_BERYLLIUM_SPT_580K                                            
*  13 :  17                                                                 
 2.00000E+00 1.00000E+00 1.00000E+00 1.00000E-05
     1     2     0     0     0     1     0     0     0    -2
 8.38425E+02 6.13000E+01-1.00000E+20 8.32141E+02 1.14150E+02 1.00000E+20
SURFMOD_2_BERYLLIUM_SPT_580K                                            
*  14 :  18                                                                 
 2.00000E+00 1.00000E+00 1.00000E+00 1.00000E-05
     1     2     0     0     0     1     0     0     0    -2
 8.32141E+02 1.14150E+02-1.00000E+20 8.25857E+02 1.67000E+02 1.00000E+20
SURFMOD_2_BERYLLIUM_SPT_580K                                            
*  15 :  19                                                                 
 2.00000E+00 1.00000E+00 1.00000E+00 1.00000E-05
     1     2     0     0     0     1     0     0     0    -2
 8.25857E+02 1.67000E+02-1.00000E+20 8.07852E+02 2.05647E+02 1.00000E+20
SURFMOD_2_BERYLLIUM_SPT_580K                                            
*  16 :  20                                                                 
 2.00000E+00 1.00000E+00 1.00000E+00 1.00000E-05
     1     2     0     0     0     1     0     0     0    -2
 8.07852E+02 2.05647E+02-1.00000E+20 7.89846E+02 2.44294E+02 1.00000E+20
SURFMOD_2_BERYLLIUM_SPT_580K                                            
*  17 :  21                                                                 
 2.00000E+00 1.00000E+00 1.00000E+00 1.00000E-05
     1     2     0     0     0     1     0     0     0    -2
 7.89846E+02 2.44294E+02-1.00000E+20 7.64854E+02 2.80079E+02 1.00000E+20
SURFMOD_2_BERYLLIUM_SPT_580K                                            
*  18 :  22                                                                 
 2.00000E+00 1.00000E+00 1.00000E+00 1.00000E-05
     1     2     0     0     0     1     0     0     0    -2
 7.64854E+02 2.80079E+02-1.00000E+20 7.39862E+02 3.15864E+02 1.00000E+20
SURFMOD_2_BERYLLIUM_SPT_580K                                            
*  19 :  23                                                                 
 2.00000E+00 1.00000E+00 1.00000E+00 1.00000E-05
     1     2     0     0     0     1     0     0     0    -2
 7.39862E+02 3.15864E+02-1.00000E+20 6.99097E+02 3.51411E+02 1.00000E+20
SURFMOD_2_BERYLLIUM_SPT_580K                                            
*  20 :  24                                                                 
 2.00000E+00 1.00000E+00 1.00000E+00 1.00000E-05
     1     2     0     0     0     1     0     0     0    -2
 6.99097E+02 3.51411E+02-1.00000E+20 6.58331E+02 3.86959E+02 1.00000E+20
SURFMOD_2_BERYLLIUM_SPT_580K                                            
*  21 :  25                                                                 
 2.00000E+00 1.00000E+00 1.00000E+00 1.00000E-05
     1     2     0     0     0     1     0     0     0    -2
 6.58331E+02 3.86959E+02-1.00000E+20 6.37405E+02 4.03070E+02 1.00000E+20
SURFMOD_2_BERYLLIUM_SPT_580K                                            
*  22 :  26                                                                 
 2.00000E+00 1.00000E+00 1.00000E+00 1.00000E-05
     1     2     0     0     0     1     0     0     0    -2
 6.37405E+02 4.03070E+02-1.00000E+20 6.16479E+02 4.19180E+02 1.00000E+20
SURFMOD_2_BERYLLIUM_SPT_580K                                            
*  23 :  27                                                                 
 2.00000E+00 1.00000E+00 1.00000E+00 1.00000E-05
     1     2     0     0     0     1     0     0     0    -2
 6.16479E+02 4.19180E+02-1.00000E+20 5.95553E+02 4.35290E+02 1.00000E+20
SURFMOD_2_BERYLLIUM_SPT_580K                                            
*  24 :  28                                                                 
 2.00000E+00 1.00000E+00 1.00000E+00 1.00000E-05
     1     2     0     0     0     1     0     0     0    -2
 5.95553E+02 4.35290E+02-1.00000E+20 5.74627E+02 4.51401E+02 1.00000E+20
SURFMOD_2_BERYLLIUM_SPT_580K                                            
*  25 :  29                                                                 
 2.00000E+00 1.00000E+00 1.00000E+00 1.00000E-05
     1     2     0     0     0     1     0     0     0    -2
 5.74627E+02 4.51401E+02-1.00000E+20 5.46798E+02 4.57376E+02 1.00000E+20
SURFMOD_2_BERYLLIUM_SPT_580K                                            
*  26 :  30                                                                 
 2.00000E+00 1.00000E+00 1.00000E+00 1.00000E-05
     1     2     0     0     0     1     0     0     0    -2
 5.46798E+02 4.57376E+02-1.00000E+20 5.18969E+02 4.63350E+02 1.00000E+20
SURFMOD_2_BERYLLIUM_SPT_580K                                            
*  27 :  31                                                                 
 2.00000E+00 1.00000E+00 1.00000E+00 1.00000E-05
     1     2     0     0     0     1     0     0     0    -2
 5.18969E+02 4.63350E+02-1.00000E+20 4.91139E+02 4.69325E+02 1.00000E+20
SURFMOD_2_BERYLLIUM_SPT_580K                                            
*  28 :  32                                                                 
 2.00000E+00 1.00000E+00 1.00000E+00 1.00000E-05
     1     2     0     0     0     1     0     0     0    -2
 4.91139E+02 4.69325E+02-1.00000E+20 4.61641E+02 4.50709E+02 1.00000E+20
SURFMOD_2_BERYLLIUM_SPT_580K                                            
*  29 :  33                                                                 
 2.00000E+00 1.00000E+00 1.00000E+00 1.00000E-05
     1     2     0     0     0     1     0     0     0    -2
 4.61641E+02 4.50709E+02-1.00000E+20 4.32144E+02 4.32094E+02 1.00000E+20
SURFMOD_2_BERYLLIUM_SPT_580K                                            
*  30 :  34                                                                 
 2.00000E+00 1.00000E+00 1.00000E+00 1.00000E-05
     1     2     0     0     0     1     0     0     0    -2
 4.32144E+02 4.32094E+02-1.00000E+20 4.22375E+02 4.07662E+02 1.00000E+20
SURFMOD_2_BERYLLIUM_SPT_580K                                            
*  31 :  35                                                                 
 2.00000E+00 1.00000E+00 1.00000E+00 1.00000E-05
     1     2     0     0     0     1     0     0     0    -2
 4.22375E+02 4.07662E+02-1.00000E+20 4.12606E+02 3.83231E+02 1.00000E+20
SURFMOD_2_BERYLLIUM_SPT_580K                                            
*  32 :  36                                                                 
 2.00000E+00 1.00000E+00 1.00000E+00 1.00000E-05
     1     2     0     0     0     1     0     0     0    -2
 4.12606E+02 3.83231E+02-1.00000E+20 4.02837E+02 3.58800E+02 1.00000E+20
SURFMOD_2_BERYLLIUM_SPT_580K                                            
*  33 :  37                                                                 
 2.00000E+00 1.00000E+00 1.00000E+00 1.00000E-05
     1     2     0     0     0     1     0     0     0    -2
 4.02837E+02 3.58800E+02-1.00000E+20 4.03127E+02 3.33175E+02 1.00000E+20
SURFMOD_2_BERYLLIUM_SPT_580K                                            
*  34 :  38                                                                 
 2.00000E+00 1.00000E+00 1.00000E+00 1.00000E-05
     1     2     0     0     0     1     0     0     0    -2
 4.03127E+02 3.33175E+02-1.00000E+20 4.03418E+02 3.07550E+02 1.00000E+20
SURFMOD_2_BERYLLIUM_SPT_580K                                            
*  35 :  39                                                                 
 2.00000E+00 1.00000E+00 1.00000E+00 1.00000E-05
     1     2     0     0     0     1     0     0     0    -2
 4.03418E+02 3.07550E+02-1.00000E+20 4.03709E+02 2.81925E+02 1.00000E+20
SURFMOD_2_BERYLLIUM_SPT_580K                                            
*  36 :  40                                                                 
 2.00000E+00 1.00000E+00 1.00000E+00 1.00000E-05
     1     2     0     0     0     1     0     0     0    -2
 4.03709E+02 2.81925E+02-1.00000E+20 4.04000E+02 2.56300E+02 1.00000E+20
SURFMOD_2_BERYLLIUM_SPT_580K                                            
*  37 :  41                                                                 
 2.00000E+00 1.00000E+00 1.00000E+00 1.00000E-05
     1     2     0     0     0     1     0     0     0    -2
 4.04000E+02 2.56300E+02-1.00000E+20 4.04000E+02 2.05550E+02 1.00000E+20
SURFMOD_2_BERYLLIUM_SPT_580K                                            
*  38 :  42                                                                 
 2.00000E+00 1.00000E+00 1.00000E+00 1.00000E-05
     1     2     0     0     0     1     0     0     0    -2
 4.04000E+02 2.05550E+02-1.00000E+20 4.04000E+02 1.54800E+02 1.00000E+20
SURFMOD_2_BERYLLIUM_SPT_580K                                            
*  39 :  43                                                                 
 2.00000E+00 1.00000E+00 1.00000E+00 1.00000E-05
     1     2     0     0     0     1     0     0     0    -2
 4.04000E+02 1.54800E+02-1.00000E+20 4.04000E+02 1.04050E+02 1.00000E+20
SURFMOD_2_BERYLLIUM_SPT_580K                                            
*  40 :  44                                                                 
 2.00000E+00 1.00000E+00 1.00000E+00 1.00000E-05
     1     2     0     0     0     1     0     0     0    -2
 4.04000E+02 1.04050E+02-1.00000E+20 4.04000E+02 5.33000E+01 1.00000E+20
SURFMOD_2_BERYLLIUM_SPT_580K                                            
*  41 :  45                                                                 
 2.00000E+00 1.00000E+00 1.00000E+00 1.00000E-05
     1     2     0     0     0     1     0     0     0    -2
 4.04000E+02 5.33000E+01-1.00000E+20 4.04000E+02 2.55004E+00 1.00000E+20
SURFMOD_2_BERYLLIUM_SPT_580K                                            
*  42 :  46                                                                 
 2.00000E+00 1.00000E+00 1.00000E+00 1.00000E-05
     1     2     0     0     0     1     0     0     0    -2
 4.04000E+02 2.55004E+00-1.00000E+20 4.04000E+02-4.82000E+01 1.00000E+20
SURFMOD_2_BERYLLIUM_SPT_580K                                            
*  43 :  47                                                                 
 2.00000E+00 1.00000E+00 1.00000E+00 1.00000E-05
     1     2     0     0     0     1     0     0     0    -2
 4.04000E+02-4.82000E+01-1.00000E+20 4.04000E+02-9.89500E+01 1.00000E+20
SURFMOD_2_BERYLLIUM_SPT_580K                                            
*  44 :  48                                                                 
 2.00000E+00 1.00000E+00 1.00000E+00 1.00000E-05
     1     2     0     0     0     1     0     0     0    -2
 4.04000E+02-9.89500E+01-1.00000E+20 4.04000E+02-1.49700E+02 1.00000E+20
SURFMOD_2_BERYLLIUM_SPT_580K                                            
*  45 :  49                                                                 
 2.00000E+00 1.00000E+00 1.00000E+00 1.00000E-05
     1     2     0     0     0     1     0     0     0    -2
 4.04000E+02-1.49700E+02-1.00000E+20 4.04000E+02-1.75075E+02 1.00000E+20
SURFMOD_2_BERYLLIUM_SPT_580K                                            
*  46 :  50                                                                 
 2.00000E+00 1.00000E+00 1.00000E+00 1.00000E-05
     1     2     0     0     0     1     0     0     0    -2
 4.04000E+02-1.75075E+02-1.00000E+20 4.04000E+02-2.00450E+02 1.00000E+20
SURFMOD_2_BERYLLIUM_SPT_580K                                            
*  47 :  51                                                                 
 2.00000E+00 1.00000E+00 1.00000E+00 1.00000E-05
     1     2     0     0     0     1     0     0     0    -2
 4.04000E+02-2.00450E+02-1.00000E+20 4.04000E+02-2.25825E+02 1.00000E+20
SURFMOD_2_BERYLLIUM_SPT_580K                                            
*  48 :  52                                                                 
 2.00000E+00 1.00000E+00 1.00000E+00 1.00000E-05
     1     2     0     0     0     1     0     0     0    -2
 4.04000E+02-2.25825E+02-1.00000E+20 4.04000E+02-2.51200E+02 1.00000E+20
SURFMOD_2_BERYLLIUM_SPT_580K                                            
*  49 :  53                                                                 
 2.00000E+00 1.00000E+00 1.00000E+00 1.00000E-05
     1     2     0     0     0     1     0     0     0    -2
 4.04000E+02-2.51200E+02-1.00000E+20 4.02315E+02-2.54484E+02 1.00000E+20
SURFMOD_2_BERYLLIUM_SPT_580K                                            
*  50 :  55                                                                 
 2.00000E+00 1.00000E+00 1.00000E+00 1.00000E-05
     1     2     0     0     0     5     0     0     0    -2
 4.02315E+02-2.54484E+02-1.00000E+20 4.12746E+02-2.56078E+02 1.00000E+20
SURFMOD_3_BERYLLIUM_812K                                                 
*  51 :  56                                                                 
 2.00000E+00 1.00000E+00 1.00000E+00 1.00000E-05
     1     2     0     0     0     5     0     0     0    -2
 4.12746E+02-2.56078E+02-1.00000E+20 4.22633E+02-2.59765E+02 1.00000E+20
SURFMOD_3_BERYLLIUM_812K                                                 
*  52 :  57                                                                 
 2.00000E+00 1.00000E+00 1.00000E+00 1.00000E-05
     1     2     0     0     0     5     0     0     0    -2
 4.22633E+02-2.59765E+02-1.00000E+20 4.31561E+02-2.65390E+02 1.00000E+20
SURFMOD_3_BERYLLIUM_812K                                                 
*  53 :  58                                                                 
 2.00000E+00 1.00000E+00 1.00000E+00 1.00000E-05
     1     2     0     0     0     5     0     0     0    -2
 4.31561E+02-2.65390E+02-1.00000E+20 4.39155E+02-2.72716E+02 1.00000E+20
SURFMOD_3_BERYLLIUM_812K                                                 
*  54 :  59                                                                 
 2.00000E+00 1.00000E+00 1.00000E+00 1.00000E-05
     1     2     0     0     0     5     0     0     0    -2
 4.39155E+02-2.72716E+02-1.00000E+20 4.45097E+02-2.81436E+02 1.00000E+20
SURFMOD_3_BERYLLIUM_812K                                                 
*  55 :  60  - target edge (to be modified by GEOUSR)                       
 2.00000E+00 1.00000E+00 1.00000E+00 1.00000E-05
     1     2     0     0     0     5     0     0     0    -2
 4.45097E+02-2.81436E+02-1.00000E+20 4.49136E+02-2.91184E+02 1.00000E+20
SURFMOD_3_BERYLLIUM_812K                                                 
*  56 :  61                                                                 
 2.00000E+00 1.00000E+00 1.00000E+00 1.00000E-05
     1     2     0     0     0     5     0     0     0     0
 4.49136E+02-2.91184E+02-1.00000E+20 4.51104E+02-3.01551E+02 1.00000E+20
SURFMOD_3_BERYLLIUM_812K                                                 
*  57 :  62                                                                 
 2.00000E+00 1.00000E+00 1.00000E+00 1.00000E-05
     1     2     0     0     0     5     0     0     0     0
 4.51104E+02-3.01551E+02-1.00000E+20 4.50918E+02-3.12101E+02 1.00000E+20
SURFMOD_3_BERYLLIUM_812K                                                 
*  58 :  63                                                                 
 2.00000E+00 1.00000E+00 1.00000E+00 1.00000E-05
     1     2     0     0     0     5     0     0     0     0
 4.50918E+02-3.12101E+02-1.00000E+20 4.48586E+02-3.22392E+02 1.00000E+20
SURFMOD_3_BERYLLIUM_812K                                                 
*  59 :  64                                                                 
 2.00000E+00 1.00000E+00 1.00000E+00 1.00000E-05
     1     2     0     0     0     5     0     0     0     0
 5.59793E+02-3.69111E+02-1.00000E+20 5.64567E+02-3.58145E+02 1.00000E+20
SURFMOD_3_BERYLLIUM_812K                                                 
*  60 :  65                                                                 
 2.00000E+00 1.00000E+00 1.00000E+00 1.00000E-05
     1     2     0     0     0     5     0     0     0     0
 5.64567E+02-3.58145E+02-1.00000E+20 5.71233E+02-3.48215E+02 1.00000E+20
SURFMOD_3_BERYLLIUM_812K                                                 
*  61 :  66                                                                 
 2.00000E+00 1.00000E+00 1.00000E+00 1.00000E-05
     1     2     0     0     0     5     0     0     0     0
 5.71233E+02-3.48215E+02-1.00000E+20 5.79575E+02-3.39644E+02 1.00000E+20
SURFMOD_3_BERYLLIUM_812K                                                 
*  62 :  67                                                                 
 2.00000E+00 1.00000E+00 1.00000E+00 1.00000E-05
     1     2     0     0     0     5     0     0     0     0
 5.79575E+02-3.39644E+02-1.00000E+20 5.89321E+02-3.32711E+02 1.00000E+20
SURFMOD_3_BERYLLIUM_812K                                                 
*  63 :  68                                                                 
 2.00000E+00 1.00000E+00 1.00000E+00 1.00000E-05
     1     2     0     0     0     5     0     0     0     0
 5.89321E+02-3.32711E+02-1.00000E+20 6.00154E+02-3.27642E+02 1.00000E+20
SURFMOD_3_BERYLLIUM_812K                                                 
*  64 :  69  - target edge (to be modified by GEOUSR)                       
 2.00000E+00 1.00000E+00 1.00000E+00 1.00000E-05
     1     2     0     0     0     5     0     0     0    -2
 6.00154E+02-3.27642E+02-1.00000E+20 6.11722E+02-3.24602E+02 1.00000E+20
SURFMOD_3_BERYLLIUM_812K                                                 
*  65 :  70                                                                 
 2.00000E+00 1.00000E+00 1.00000E+00 1.00000E-05
     1     2     0     0     0     5     0     0     0    -2
 6.11722E+02-3.24602E+02-1.00000E+20 6.23648E+02-3.23689E+02 1.00000E+20
SURFMOD_3_BERYLLIUM_812K                                                 
*  66 :  73                                                                 
 2.00000E+00 1.00000E+00 1.00000E+00 1.00000E-05
     1     2     0     0     0     5     0     0     0    -1
 5.16996E+02-4.42232E+02-1.00000E+20 5.18403E+02-4.42745E+02 1.00000E+20
SURFMOD_4_BERYLLIUM_580K                                                 
*  67 :  74                                                                 
 2.00000E+00 1.00000E+00 1.00000E+00 1.00000E-05
     1     2     0     0     0     5     0     0     0    -1
 5.18403E+02-4.42745E+02-1.00000E+20 5.20633E+02-4.41940E+02 1.00000E+20
SURFMOD_4_BERYLLIUM_580K                                                 
*  68 :  75                                                                 
 2.00000E+00 1.00000E+00 1.00000E+00 1.00000E-05
     1     2     0     0     0     5     0     0     0    -1
 5.20633E+02-4.41940E+02-1.00000E+20 5.19442E+02-4.37495E+02 1.00000E+20
SURFMOD_4_BERYLLIUM_580K                                                 
*  69 :  76                                                                 
 2.00000E+00 1.00000E+00 1.00000E+00 1.00000E-05
     1     2     0     0     0     5     0     0     0    -1
 5.19442E+02-4.37495E+02-1.00000E+20 5.19570E+02-4.35057E+02 1.00000E+20
SURFMOD_4_BERYLLIUM_580K                                                 
*  70 :  77                                                                 
 2.00000E+00 1.00000E+00 1.00000E+00 1.00000E-05
     1     2     0     0     0     5     0     0     0    -1
 5.19570E+02-4.35057E+02-1.00000E+20 5.22849E+02-4.30395E+02 1.00000E+20
SURFMOD_4_BERYLLIUM_580K                                                 
*  71 :  78                                                                 
 2.00000E+00 1.00000E+00 1.00000E+00 1.00000E-05
     1     2     0     0     0     5     0     0     0    -1
 5.22849E+02-4.30395E+02-1.00000E+20 5.26534E+02-4.26711E+02 1.00000E+20
SURFMOD_4_BERYLLIUM_580K                                                 
*  72 :  79                                                                 
 2.00000E+00 1.00000E+00 1.00000E+00 1.00000E-05
     1     1     0     0     0     5     0     0     0    -1
 5.26534E+02-4.26711E+02-1.00000E+20 5.33758E+02-4.33938E+02 1.00000E+20
SURFMOD_5_BERYLLIUM_1160K                                                
*  73 :  80                                                                 
 2.00000E+00 1.00000E+00 1.00000E+00 1.00000E-05
     1     1     0     0     0     5     0     0     0    -1
 5.33758E+02-4.33938E+02-1.00000E+20 5.40983E+02-4.41165E+02 1.00000E+20
SURFMOD_5_BERYLLIUM_1160K                                                
*  74 :  81                                                                 
 2.00000E+00 1.00000E+00 1.00000E+00 1.00000E-05
     1     1     0     0     0     5     0     0     0    -1
 5.40983E+02-4.41165E+02-1.00000E+20 5.48207E+02-4.48392E+02 1.00000E+20
SURFMOD_5_BERYLLIUM_1160K                                                
*  75 :  82                                                                 
 2.00000E+00 1.00000E+00 1.00000E+00 1.00000E-05
     1     1     0     0     0     5     0     0     0    -1
 5.48207E+02-4.48392E+02-1.00000E+20 5.55432E+02-4.55619E+02 1.00000E+20
SURFMOD_5_BERYLLIUM_1160K                                                
*  76 :  83  - target edge (to be modified by GEOUSR)                       
 2.00000E+00 1.00000E+00 1.00000E+00 1.00000E-05
     1     1     0     0     0     5     0     0     0    -1
 5.55432E+02-4.55619E+02-1.00000E+20 5.55430E+02-4.43708E+02 1.00000E+20
SURFMOD_5_BERYLLIUM_1160K                                                
*  77 :  84                                                                 
 2.00000E+00 1.00000E+00 1.00000E+00 1.00000E-05
     1     1     0     0     0     5     0     0     0     0
 5.55430E+02-4.43708E+02-1.00000E+20 5.55427E+02-4.31797E+02 1.00000E+20
SURFMOD_5_BERYLLIUM_1160K                                                
*  78 :  85                                                                 
 2.00000E+00 1.00000E+00 1.00000E+00 1.00000E-05
     1     1     0     0     0     5     0     0     0     0
 5.55427E+02-4.31797E+02-1.00000E+20 5.55425E+02-4.19886E+02 1.00000E+20
SURFMOD_5_BERYLLIUM_1160K                                                
*  79 :  86                                                                 
 2.00000E+00 1.00000E+00 1.00000E+00 1.00000E-05
     1     1     0     0     0     5     0     0     0     0
 5.55425E+02-4.19886E+02-1.00000E+20 5.55423E+02-4.07974E+02 1.00000E+20
SURFMOD_5_BERYLLIUM_1160K                                                
*  80 :  87                                                                 
 2.00000E+00 1.00000E+00 1.00000E+00 1.00000E-05
     1     2     0     0     0     5     0     0     0     0
 5.55423E+02-4.07974E+02-1.00000E+20 5.56425E+02-3.99950E+02 1.00000E+20
SURFMOD_5_BERYLLIUM_1160K                                                
*  81 :  88                                                                 
 2.00000E+00 1.00000E+00 1.00000E+00 1.00000E-05
     1     2     0     0     0     5     0     0     0     0
 5.56425E+02-3.99950E+02-1.00000E+20 5.57068E+02-3.80757E+02 1.00000E+20
SURFMOD_5_BERYLLIUM_1160K                                                
*  82 :  89                                                                 
 2.00000E+00 1.00000E+00 1.00000E+00 1.00000E-05
     1     2     0     0     0     5     0     0     0     0
 5.57068E+02-3.80757E+02-1.00000E+20 5.59793E+02-3.69111E+02 1.00000E+20
SURFMOD_5_BERYLLIUM_1160K                                                
*  83 :  91                                                                 
 2.00000E+00 1.00000E+00 1.00000E+00 1.00000E-05
     1     2     0     0     0     5     0     0     0     0
 4.48586E+02-3.22392E+02-1.00000E+20 4.40073E+02-3.40839E+02 1.00000E+20
SURFMOD_5_BERYLLIUM_1160K                                                
*  84 :  92                                                                 
 2.00000E+00 1.00000E+00 1.00000E+00 1.00000E-05
     1     2     0     0     0     5     0     0     0     0
 4.40073E+02-3.40839E+02-1.00000E+20 4.36561E+02-3.50300E+02 1.00000E+20
SURFMOD_5_BERYLLIUM_1160K                                                
*  85 :  93                                                                 
 2.00000E+00 1.00000E+00 1.00000E+00 1.00000E-05
     1     1     0     0     0     5     0     0     0     0
 4.36561E+02-3.50300E+02-1.00000E+20 4.31849E+02-3.59949E+02 1.00000E+20
SURFMOD_5_BERYLLIUM_1160K                                                
*  86 :  94                                                                 
 2.00000E+00 1.00000E+00 1.00000E+00 1.00000E-05
     1     1     0     0     0     5     0     0     0     0
 4.31849E+02-3.59949E+02-1.00000E+20 4.27136E+02-3.69598E+02 1.00000E+20
SURFMOD_5_BERYLLIUM_1160K                                                
*  87 :  95                                                                 
 2.00000E+00 1.00000E+00 1.00000E+00 1.00000E-05
     1     1     0     0     0     5     0     0     0     0
 4.27136E+02-3.69598E+02-1.00000E+20 4.22424E+02-3.79248E+02 1.00000E+20
SURFMOD_5_BERYLLIUM_1160K                                                
*  88 :  96  - target edge (to be modified by GEOUSR)                       
 2.00000E+00 1.00000E+00 1.00000E+00 1.00000E-05
     1     1     0     0     0     5     0     0     0    -1
 4.22424E+02-3.79248E+02-1.00000E+20 4.17711E+02-3.88897E+02 1.00000E+20
SURFMOD_5_BERYLLIUM_1160K                                                
*  89 :  97                                                                 
 2.00000E+00 1.00000E+00 1.00000E+00 1.00000E-05
     1     1     0     0     0     5     0     0     0    -1
 4.17711E+02-3.88897E+02-1.00000E+20 4.27993E+02-3.89704E+02 1.00000E+20
SURFMOD_5_BERYLLIUM_1160K                                                
*  90 :  98                                                                 
 2.00000E+00 1.00000E+00 1.00000E+00 1.00000E-05
     1     1     0     0     0     5     0     0     0    -1
 4.27993E+02-3.89704E+02-1.00000E+20 4.38274E+02-3.90513E+02 1.00000E+20
SURFMOD_5_BERYLLIUM_1160K                                                
*  91 :  99                                                                 
 2.00000E+00 1.00000E+00 1.00000E+00 1.00000E-05
     1     1     0     0     0     5     0     0     0    -1
 4.38274E+02-3.90513E+02-1.00000E+20 4.48556E+02-3.91320E+02 1.00000E+20
SURFMOD_5_BERYLLIUM_1160K                                                
*  92 : 100                                                                 
 2.00000E+00 1.00000E+00 1.00000E+00 1.00000E-05
     1     2     0     0     0     5     0     0     0    -1
 4.48556E+02-3.91320E+02-1.00000E+20 4.48089E+02-3.97252E+02 1.00000E+20
SURFMOD_4_BERYLLIUM_580K                                                 
*  93 : 101                                                                 
 2.00000E+00 1.00000E+00 1.00000E+00 1.00000E-05
     1     2     0     0     0     5     0     0     0    -1
 4.48089E+02-3.97252E+02-1.00000E+20 4.45577E+02-4.04103E+02 1.00000E+20
SURFMOD_4_BERYLLIUM_580K                                                 
*  94 : 102                                                                 
 2.00000E+00 1.00000E+00 1.00000E+00 1.00000E-05
     1     2     0     0     0     5     0     0     0    -1
 4.45577E+02-4.04103E+02-1.00000E+20 4.39204E+02-4.05075E+02 1.00000E+20
SURFMOD_4_BERYLLIUM_580K                                                 
*  95 : 103                                                                 
 2.00000E+00 1.00000E+00 1.00000E+00 1.00000E-05
     1     2     0     0     0     5     0     0     0    -1
 4.39204E+02-4.05075E+02-1.00000E+20 4.39732E+02-4.10914E+02 1.00000E+20
SURFMOD_4_BERYLLIUM_580K                                                 
*  96 : 104                                                                 
 2.00000E+00 1.00000E+00 1.00000E+00 1.00000E-05
     1     2     0     0     0     5     0     0     0     3
 4.81061E+02-3.90124E+02-1.00000E+20 4.82198E+02-3.87216E+02 1.00000E+20
SURFMOD_4_BERYLLIUM_580K                                                 
*  97 : 105                                                                 
 2.00000E+00 1.00000E+00 1.00000E+00 1.00000E-05
     1     2     0     0     0     5     0     0     0     3
 4.82198E+02-3.87216E+02-1.00000E+20 4.77460E+02-3.85322E+02 1.00000E+20
SURFMOD_4_BERYLLIUM_580K                                                 
*  98 : 106                                                                 
 2.00000E+00 1.00000E+00 1.00000E+00 1.00000E-05
     1     2     0     0     0     5     0     0     0     3
 4.77460E+02-3.85322E+02-1.00000E+20 4.72324E+02-3.86077E+02 1.00000E+20
SURFMOD_4_BERYLLIUM_580K                                                 
*  99 : 107                                                                 
 2.00000E+00 1.00000E+00 1.00000E+00 1.00000E-05
     1     2     0     0     0     5     0     0     0     3
 4.72324E+02-3.86077E+02-1.00000E+20 4.69441E+02-3.85168E+02 1.00000E+20
SURFMOD_4_BERYLLIUM_580K                                                 
* 100 : 108                                                                 
 2.00000E+00 1.00000E+00 1.00000E+00 1.00000E-05
     1     2     0     0     0     5     0     0     0     3
 4.69441E+02-3.85168E+02-1.00000E+20 4.65831E+02-3.79531E+02 1.00000E+20
SURFMOD_4_BERYLLIUM_580K                                                 
* 101 : 109                                                                 
 2.00000E+00 1.00000E+00 1.00000E+00 1.00000E-05
     1     2     0     0     0     5     0     0     0     3
 4.65831E+02-3.79531E+02-1.00000E+20 4.63917E+02-3.75021E+02 1.00000E+20
SURFMOD_3_BERYLLIUM_812K                                                 
* 102 : 110                                                                 
 2.00000E+00 1.00000E+00 1.00000E+00 1.00000E-05
     1     2     0     0     0     5     0     0     0     3
 4.63917E+02-3.75021E+02-1.00000E+20 4.75164E+02-3.71843E+02 1.00000E+20
SURFMOD_3_BERYLLIUM_812K                                                 
* 103 : 111                                                                 
 2.00000E+00 1.00000E+00 1.00000E+00 1.00000E-05
     1     2     0     0     0     5     0     0     0     3
 4.75164E+02-3.71843E+02-1.00000E+20 4.85281E+02-3.71435E+02 1.00000E+20
SURFMOD_3_BERYLLIUM_812K                                                 
* 104 : 112                                                                 
 2.00000E+00 1.00000E+00 1.00000E+00 1.00000E-05
     1     2     0     0     0     5     0     0     0     3
 4.85281E+02-3.71435E+02-1.00000E+20 4.95246E+02-3.73227E+02 1.00000E+20
SURFMOD_3_BERYLLIUM_812K                                                 
* 105 : 113                                                                 
 2.00000E+00 1.00000E+00 1.00000E+00 1.00000E-05
     1     2     0     0     0     5     0     0     0     3
 4.95246E+02-3.73227E+02-1.00000E+20 5.04587E+02-3.77133E+02 1.00000E+20
SURFMOD_3_BERYLLIUM_812K                                                 
* 106 : 114                                                                 
 2.00000E+00 1.00000E+00 1.00000E+00 1.00000E-05
     1     2     0     0     0     5     0     0     0     3
 5.04587E+02-3.77133E+02-1.00000E+20 5.12861E+02-3.82968E+02 1.00000E+20
SURFMOD_3_BERYLLIUM_812K                                                 
* 107 : 115                                                                 
 2.00000E+00 1.00000E+00 1.00000E+00 1.00000E-05
     1     2     0     0     0     5     0     0     0     3
 5.12861E+02-3.82968E+02-1.00000E+20 5.19676E+02-3.90456E+02 1.00000E+20
SURFMOD_3_BERYLLIUM_812K                                                 
* 108 : 116                                                                 
 2.00000E+00 1.00000E+00 1.00000E+00 1.00000E-05
     1     2     0     0     0     5     0     0     0     3
 5.19676E+02-3.90456E+02-1.00000E+20 5.24565E+02-3.98914E+02 1.00000E+20
SURFMOD_3_BERYLLIUM_812K                                                 
* 109 : 117                                                                 
 2.00000E+00 1.00000E+00 1.00000E+00 1.00000E-05
     1     2     0     0     0     5     0     0     0     3
 5.24565E+02-3.98914E+02-1.00000E+20 5.20088E+02-4.00907E+02 1.00000E+20
SURFMOD_3_BERYLLIUM_812K                                                 
* 110 : 118                                                                 
 2.00000E+00 1.00000E+00 1.00000E+00 1.00000E-05
     1     2     0     0     0     5     0     0     0     3
 5.20088E+02-4.00907E+02-1.00000E+20 5.14904E+02-4.02405E+02 1.00000E+20
SURFMOD_4_BERYLLIUM_580K                                                 
* 111 : 119                                                                 
 2.00000E+00 1.00000E+00 1.00000E+00 1.00000E-05
     1     2     0     0     0     5     0     0     0     3
 5.14904E+02-4.02405E+02-1.00000E+20 5.11898E+02-4.02081E+02 1.00000E+20
SURFMOD_4_BERYLLIUM_580K                                                 
* 112 : 120                                                                 
 2.00000E+00 1.00000E+00 1.00000E+00 1.00000E-05
     1     2     0     0     0     5     0     0     0     3
 5.11898E+02-4.02081E+02-1.00000E+20 5.08556E+02-3.97953E+02 1.00000E+20
SURFMOD_4_BERYLLIUM_580K                                                 
* 113 : 121                                                                 
 2.00000E+00 1.00000E+00 1.00000E+00 1.00000E-05
     1     2     0     0     0     5     0     0     0     3
 5.08556E+02-3.97953E+02-1.00000E+20 5.02865E+02-3.95345E+02 1.00000E+20
SURFMOD_4_BERYLLIUM_580K                                                 
* 114 : 122                                                                 
 2.00000E+00 1.00000E+00 1.00000E+00 1.00000E-05
     1     2     0     0     0     5     0     0     0     3
 5.02865E+02-3.95345E+02-1.00000E+20 5.01716E+02-3.98262E+02 1.00000E+20
SURFMOD_4_BERYLLIUM_580K                                                 
* 115 : 124                                                                 
 2.00000E+00 1.00000E+00 1.00000E+00 1.00000E-05
    -3     0     0     0     0     1     0     0     0     0
 4.39732E+02-4.10914E+02-1.00000E+20 4.44914E+02-4.08345E+02 1.00000E+20
* 116 : 125                                                                 
 2.00000E+00 1.00000E+00 1.00000E+00 1.00000E-05
    -3     0     0     0     0     1     0     0     0     0
 4.44914E+02-4.08345E+02-1.00000E+20 4.50080E+02-4.05746E+02 1.00000E+20
* 117 : 126                                                                 
 2.00000E+00 1.00000E+00 1.00000E+00 1.00000E-05
    -3     0     0     0     0     1     0     0     0     0
 4.50080E+02-4.05746E+02-1.00000E+20 4.55246E+02-4.03147E+02 1.00000E+20
* 118 : 127                                                                 
 2.00000E+00 1.00000E+00 1.00000E+00 1.00000E-05
    -3     0     0     0     0     1     0     0     0     0
 4.55246E+02-4.03147E+02-1.00000E+20 4.60412E+02-4.00549E+02 1.00000E+20
* 119 : 128                                                                 
 2.00000E+00 1.00000E+00 1.00000E+00 1.00000E-05
    -3     0     0     0     0     1     0     0     0     0
 4.60412E+02-4.00549E+02-1.00000E+20 4.65578E+02-3.97950E+02 1.00000E+20
* 120 : 129                                                                 
 2.00000E+00 1.00000E+00 1.00000E+00 1.00000E-05
    -3     0     0     0     0     1     0     0     0     0
 4.65578E+02-3.97950E+02-1.00000E+20 4.70744E+02-3.95351E+02 1.00000E+20
* 121 : 130                                                                 
 2.00000E+00 1.00000E+00 1.00000E+00 1.00000E-05
    -3     0     0     0     0     1     0     0     0     0
 4.70744E+02-3.95351E+02-1.00000E+20 4.75910E+02-3.92753E+02 1.00000E+20
* 122 : 131                                                                 
 2.00000E+00 1.00000E+00 1.00000E+00 1.00000E-05
    -3     0     0     0     0     1     0     0     0     0
 4.75910E+02-3.92753E+02-1.00000E+20 4.81061E+02-3.90124E+02 1.00000E+20
* 123 : 132                                                                 
 2.00000E+00 1.00000E+00 1.00000E+00 1.00000E-05
     1     0     0     0     0     1     0     0     0     0
 4.39732E+02-4.10914E+02-1.00000E+20 4.44883E+02-4.08285E+02 1.00000E+20
SURFMOD_6_IRON_SMTRANS_580K                                             
* 124 : 133                                                                 
 2.00000E+00 1.00000E+00 1.00000E+00 1.00000E-05
     1     0     0     0     0     1     0     0     0     0
 4.44883E+02-4.08285E+02-1.00000E+20 4.50050E+02-4.05687E+02 1.00000E+20
SURFMOD_6_IRON_SMTRANS_580K                                             
* 125 : 134                                                                 
 2.00000E+00 1.00000E+00 1.00000E+00 1.00000E-05
     1     0     0     0     0     1     0     0     0     0
 4.50050E+02-4.05687E+02-1.00000E+20 4.55216E+02-4.03088E+02 1.00000E+20
SURFMOD_6_IRON_SMTRANS_580K                                             
* 126 : 135                                                                 
 2.00000E+00 1.00000E+00 1.00000E+00 1.00000E-05
     1     0     0     0     0     1     0     0     0     0
 4.55216E+02-4.03088E+02-1.00000E+20 4.60382E+02-4.00489E+02 1.00000E+20
SURFMOD_6_IRON_SMTRANS_580K                                             
* 127 : 136                                                                 
 2.00000E+00 1.00000E+00 1.00000E+00 1.00000E-05
     1     0     0     0     0     1     0     0     0     0
 4.60382E+02-4.00489E+02-1.00000E+20 4.65548E+02-3.97891E+02 1.00000E+20
SURFMOD_6_IRON_SMTRANS_580K                                             
* 128 : 137                                                                 
 2.00000E+00 1.00000E+00 1.00000E+00 1.00000E-05
     1     0     0     0     0     1     0     0     0     0
 4.65548E+02-3.97891E+02-1.00000E+20 4.70714E+02-3.95292E+02 1.00000E+20
SURFMOD_6_IRON_SMTRANS_580K                                             
* 129 : 138                                                                 
 2.00000E+00 1.00000E+00 1.00000E+00 1.00000E-05
     1     0     0     0     0     1     0     0     0     0
 4.70714E+02-3.95292E+02-1.00000E+20 4.75880E+02-3.92693E+02 1.00000E+20
SURFMOD_6_IRON_SMTRANS_580K                                             
* 130 : 139                                                                 
 2.00000E+00 1.00000E+00 1.00000E+00 1.00000E-05
     1     0     0     0     0     1     0     0     0     0
 4.75880E+02-3.92693E+02-1.00000E+20 4.81061E+02-3.90124E+02 1.00000E+20
SURFMOD_6_IRON_SMTRANS_580K                                             
* 131 : 140                                                                 
 2.00000E+00 1.00000E+00 1.00000E+00 1.00000E-05
     1     0     0     0     0     1     0     0     0     0
 4.81061E+02-3.90124E+02-1.00000E+20 4.75895E+02-3.92723E+02 1.00000E+20
SURFMOD_6_IRON_SMTRANS_580K                                             
* 132 : 141                                                                 
 2.00000E+00 1.00000E+00 1.00000E+00 1.00000E-05
     1     0     0     0     0     1     0     0     0     0
 4.75895E+02-3.92723E+02-1.00000E+20 4.70729E+02-3.95322E+02 1.00000E+20
SURFMOD_6_IRON_SMTRANS_580K                                             
* 133 : 142                                                                 
 2.00000E+00 1.00000E+00 1.00000E+00 1.00000E-05
     1     0     0     0     0     1     0     0     0     0
 4.70729E+02-3.95322E+02-1.00000E+20 4.65563E+02-3.97920E+02 1.00000E+20
SURFMOD_6_IRON_SMTRANS_580K                                             
* 134 : 143                                                                 
 2.00000E+00 1.00000E+00 1.00000E+00 1.00000E-05
     1     0     0     0     0     1     0     0     0     0
 4.65563E+02-3.97920E+02-1.00000E+20 4.60397E+02-4.00519E+02 1.00000E+20
SURFMOD_6_IRON_SMTRANS_580K                                             
* 135 : 144                                                                 
 2.00000E+00 1.00000E+00 1.00000E+00 1.00000E-05
     1     0     0     0     0     1     0     0     0     0
 4.60397E+02-4.00519E+02-1.00000E+20 4.55231E+02-4.03118E+02 1.00000E+20
SURFMOD_6_IRON_SMTRANS_580K                                             
* 136 : 145                                                                 
 2.00000E+00 1.00000E+00 1.00000E+00 1.00000E-05
     1     0     0     0     0     1     0     0     0     0
 4.55231E+02-4.03118E+02-1.00000E+20 4.50065E+02-4.05716E+02 1.00000E+20
SURFMOD_6_IRON_SMTRANS_580K                                             
* 137 : 146                                                                 
 2.00000E+00 1.00000E+00 1.00000E+00 1.00000E-05
     1     0     0     0     0     1     0     0     0     0
 4.50065E+02-4.05716E+02-1.00000E+20 4.44898E+02-4.08315E+02 1.00000E+20
SURFMOD_6_IRON_SMTRANS_580K                                             
* 138 : 147                                                                 
 2.00000E+00 1.00000E+00 1.00000E+00 1.00000E-05
     1     0     0     0     0     1     0     0     0     0
 4.44898E+02-4.08315E+02-1.00000E+20 4.39732E+02-4.10914E+02 1.00000E+20
SURFMOD_6_IRON_SMTRANS_580K                                             
* 139 : 148                                                                 
 2.00000E+00 1.00000E+00 1.00000E+00 1.00000E-05
     1     0     0     0     0     1     0     0     0     0
 5.01716E+02-3.98262E+02-1.00000E+20 5.03657E+02-4.03747E+02 1.00000E+20
SURFMOD_6_IRON_SMTRANS_580K                                             
* 140 : 149                                                                 
 2.00000E+00 1.00000E+00 1.00000E+00 1.00000E-05
     1     0     0     0     0     1     0     0     0     0
 5.03657E+02-4.03747E+02-1.00000E+20 5.05567E+02-4.09243E+02 1.00000E+20
SURFMOD_6_IRON_SMTRANS_580K                                             
* 141 : 150                                                                 
 2.00000E+00 1.00000E+00 1.00000E+00 1.00000E-05
     1     0     0     0     0     1     0     0     0     0
 5.05567E+02-4.09243E+02-1.00000E+20 5.07477E+02-4.14740E+02 1.00000E+20
SURFMOD_6_IRON_SMTRANS_580K                                             
* 142 : 151                                                                 
 2.00000E+00 1.00000E+00 1.00000E+00 1.00000E-05
     1     0     0     0     0     1     0     0     0     0
 5.07477E+02-4.14740E+02-1.00000E+20 5.09387E+02-4.20236E+02 1.00000E+20
SURFMOD_6_IRON_SMTRANS_580K                                             
* 143 : 152                                                                 
 2.00000E+00 1.00000E+00 1.00000E+00 1.00000E-05
     1     0     0     0     0     1     0     0     0     0
 5.09387E+02-4.20236E+02-1.00000E+20 5.11297E+02-4.25732E+02 1.00000E+20
SURFMOD_6_IRON_SMTRANS_580K                                             
* 144 : 153                                                                 
 2.00000E+00 1.00000E+00 1.00000E+00 1.00000E-05
     1     0     0     0     0     1     0     0     0     0
 5.11297E+02-4.25732E+02-1.00000E+20 5.13207E+02-4.31228E+02 1.00000E+20
SURFMOD_6_IRON_SMTRANS_580K                                             
* 145 : 154                                                                 
 2.00000E+00 1.00000E+00 1.00000E+00 1.00000E-05
     1     0     0     0     0     1     0     0     0     0
 5.13207E+02-4.31228E+02-1.00000E+20 5.15117E+02-4.36725E+02 1.00000E+20
SURFMOD_6_IRON_SMTRANS_580K                                             
* 146 : 155                                                                 
 2.00000E+00 1.00000E+00 1.00000E+00 1.00000E-05
     1     0     0     0     0     1     0     0     0     0
 5.15117E+02-4.36725E+02-1.00000E+20 5.16996E+02-4.42232E+02 1.00000E+20
SURFMOD_6_IRON_SMTRANS_580K                                             
* 147 : 156                                                                 
 2.00000E+00 1.00000E+00 1.00000E+00 1.00000E-05
     1     0     0     0     0     1     0     0     0     0
 5.16996E+02-4.42232E+02-1.00000E+20 5.15086E+02-4.36736E+02 1.00000E+20
SURFMOD_6_IRON_SMTRANS_580K                                             
* 148 : 157                                                                 
 2.00000E+00 1.00000E+00 1.00000E+00 1.00000E-05
     1     0     0     0     0     1     0     0     0     0
 5.15086E+02-4.36736E+02-1.00000E+20 5.13176E+02-4.31240E+02 1.00000E+20
SURFMOD_6_IRON_SMTRANS_580K                                             
* 149 : 158                                                                 
 2.00000E+00 1.00000E+00 1.00000E+00 1.00000E-05
     1     0     0     0     0     1     0     0     0     0
 5.13176E+02-4.31240E+02-1.00000E+20 5.11266E+02-4.25743E+02 1.00000E+20
SURFMOD_6_IRON_SMTRANS_580K                                             
* 150 : 159                                                                 
 2.00000E+00 1.00000E+00 1.00000E+00 1.00000E-05
     1     0     0     0     0     1     0     0     0     0
 5.11266E+02-4.25743E+02-1.00000E+20 5.09356E+02-4.20247E+02 1.00000E+20
SURFMOD_6_IRON_SMTRANS_580K                                             
* 151 : 160                                                                 
 2.00000E+00 1.00000E+00 1.00000E+00 1.00000E-05
     1     0     0     0     0     1     0     0     0     0
 5.09356E+02-4.20247E+02-1.00000E+20 5.07446E+02-4.14751E+02 1.00000E+20
SURFMOD_6_IRON_SMTRANS_580K                                             
* 152 : 161                                                                 
 2.00000E+00 1.00000E+00 1.00000E+00 1.00000E-05
     1     0     0     0     0     1     0     0     0     0
 5.07446E+02-4.14751E+02-1.00000E+20 5.05536E+02-4.09254E+02 1.00000E+20
SURFMOD_6_IRON_SMTRANS_580K                                             
* 153 : 162                                                                 
 2.00000E+00 1.00000E+00 1.00000E+00 1.00000E-05
     1     0     0     0     0     1     0     0     0     0
 5.05536E+02-4.09254E+02-1.00000E+20 5.03626E+02-4.03758E+02 1.00000E+20
SURFMOD_6_IRON_SMTRANS_580K                                             
* 154 : 163                                                                 
 2.00000E+00 1.00000E+00 1.00000E+00 1.00000E-05
     1     0     0     0     0     1     0     0     0     0
 5.03626E+02-4.03758E+02-1.00000E+20 5.01716E+02-3.98262E+02 1.00000E+20
SURFMOD_6_IRON_SMTRANS_580K                                             
* 155 : 164                                                                 
 2.00000E+00 1.00000E+00 1.00000E+00 1.00000E-05
    -3     0     0     0     0     1     0     0     0     0
 5.01716E+02-3.98262E+02-1.00000E+20 5.03594E+02-4.03769E+02 1.00000E+20
* 156 : 165                                                                 
 2.00000E+00 1.00000E+00 1.00000E+00 1.00000E-05
    -3     0     0     0     0     1     0     0     0     0
 5.03594E+02-4.03769E+02-1.00000E+20 5.05504E+02-4.09266E+02 1.00000E+20
* 157 : 166                                                                 
 2.00000E+00 1.00000E+00 1.00000E+00 1.00000E-05
    -3     0     0     0     0     1     0     0     0     0
 5.05504E+02-4.09266E+02-1.00000E+20 5.07414E+02-4.14762E+02 1.00000E+20
* 158 : 167                                                                 
 2.00000E+00 1.00000E+00 1.00000E+00 1.00000E-05
    -3     0     0     0     0     1     0     0     0     0
 5.07414E+02-4.14762E+02-1.00000E+20 5.09324E+02-4.20258E+02 1.00000E+20
* 159 : 168                                                                 
 2.00000E+00 1.00000E+00 1.00000E+00 1.00000E-05
    -3     0     0     0     0     1     0     0     0     0
 5.09324E+02-4.20258E+02-1.00000E+20 5.11234E+02-4.25754E+02 1.00000E+20
* 160 : 169                                                                 
 2.00000E+00 1.00000E+00 1.00000E+00 1.00000E-05
    -3     0     0     0     0     1     0     0     0     0
 5.11234E+02-4.25754E+02-1.00000E+20 5.13144E+02-4.31251E+02 1.00000E+20
* 161 : 170                                                                 
 2.00000E+00 1.00000E+00 1.00000E+00 1.00000E-05
    -3     0     0     0     0     1     0     0     0     0
 5.13144E+02-4.31251E+02-1.00000E+20 5.15054E+02-4.36747E+02 1.00000E+20
* 162 : 171                                                                 
 2.00000E+00 1.00000E+00 1.00000E+00 1.00000E-05
    -3     0     0     0     0     1     0     0     0     0
 5.15054E+02-4.36747E+02-1.00000E+20 5.16996E+02-4.42232E+02 1.00000E+20
* 163 : 172                                                                 
 2.00000E+00 1.00000E+00 1.00000E+00 1.00000E-05
    -3     0     0     0     0     1     0     0     0     0
 4.49390E+02-4.14828E+02-1.00000E+20 4.39732E+02-4.10914E+02 1.00000E+20
* 164 : 173                                                                 
 2.00000E+00 1.00000E+00 1.00000E+00 1.00000E-05
     1     2     0     0     0     1     0     0     0    -1
 4.39732E+02-4.10914E+02-1.00000E+20 4.49368E+02-4.14884E+02 1.00000E+20
SURFMOD_7_IRON_PUMP_580K                                                
* 165 : 174                                                                 
 2.00000E+00 1.00000E+00 1.00000E+00 1.00000E-05
     1     2     0     0     0     1     0     0     0    -1
 4.49368E+02-4.14884E+02-1.00000E+20 4.59026E+02-4.18799E+02 1.00000E+20
SURFMOD_7_IRON_PUMP_580K                                                
* 166 : 175                                                                 
 2.00000E+00 1.00000E+00 1.00000E+00 1.00000E-05
     1     2     0     0     0     1     0     0     0    -1
 4.59026E+02-4.18799E+02-1.00000E+20 4.68684E+02-4.22714E+02 1.00000E+20
SURFMOD_7_IRON_PUMP_580K                                                
* 167 : 176                                                                 
 2.00000E+00 1.00000E+00 1.00000E+00 1.00000E-05
     1     2     0     0     0     1     0     0     0    -1
 4.68684E+02-4.22714E+02-1.00000E+20 4.78342E+02-4.26629E+02 1.00000E+20
SURFMOD_7_IRON_PUMP_580K                                                
* 168 : 177                                                                 
 2.00000E+00 1.00000E+00 1.00000E+00 1.00000E-05
     1     2     0     0     0     1     0     0     0    -1
 4.78342E+02-4.26629E+02-1.00000E+20 4.88000E+02-4.30543E+02 1.00000E+20
SURFMOD_7_IRON_PUMP_580K                                                
* 169 : 178                                                                 
 2.00000E+00 1.00000E+00 1.00000E+00 1.00000E-05
     1     2     0     0     0     1     0     0     0    -1
 4.88000E+02-4.30543E+02-1.00000E+20 4.97658E+02-4.34458E+02 1.00000E+20
SURFMOD_7_IRON_PUMP_580K                                                
* 170 : 179                                                                 
 2.00000E+00 1.00000E+00 1.00000E+00 1.00000E-05
     1     2     0     0     0     1     0     0     0    -1
 4.97658E+02-4.34458E+02-1.00000E+20 5.07316E+02-4.38373E+02 1.00000E+20
SURFMOD_7_IRON_PUMP_580K                                                
* 171 : 180                                                                 
 2.00000E+00 1.00000E+00 1.00000E+00 1.00000E-05
     1     2     0     0     0     1     0     0     0    -1
 5.07316E+02-4.38373E+02-1.00000E+20 5.16996E+02-4.42232E+02 1.00000E+20
SURFMOD_7_IRON_PUMP_580K                                                
* 172 : 181                                                                 
 2.00000E+00 1.00000E+00 1.00000E+00 1.00000E-05
    -3     0     0     0     0     1     0     0     0     0
 5.16996E+02-4.42232E+02-1.00000E+20 5.07338E+02-4.38318E+02 1.00000E+20
* 173 : 182                                                                 
 2.00000E+00 1.00000E+00 1.00000E+00 1.00000E-05
    -3     0     0     0     0     1     0     0     0     0
 5.07338E+02-4.38318E+02-1.00000E+20 4.97680E+02-4.34402E+02 1.00000E+20
* 174 : 183                                                                 
 2.00000E+00 1.00000E+00 1.00000E+00 1.00000E-05
    -3     0     0     0     0     1     0     0     0     0
 4.97680E+02-4.34402E+02-1.00000E+20 4.88022E+02-4.30488E+02 1.00000E+20
* 175 : 184                                                                 
 2.00000E+00 1.00000E+00 1.00000E+00 1.00000E-05
    -3     0     0     0     0     1     0     0     0     0
 4.88022E+02-4.30488E+02-1.00000E+20 4.78364E+02-4.26573E+02 1.00000E+20
* 176 : 185                                                                 
 2.00000E+00 1.00000E+00 1.00000E+00 1.00000E-05
    -3     0     0     0     0     1     0     0     0     0
 4.78364E+02-4.26573E+02-1.00000E+20 4.68706E+02-4.22658E+02 1.00000E+20
* 177 : 186                                                                 
 2.00000E+00 1.00000E+00 1.00000E+00 1.00000E-05
    -3     0     0     0     0     1     0     0     0     0
 4.68706E+02-4.22658E+02-1.00000E+20 4.59048E+02-4.18743E+02 1.00000E+20
* 178 : 187                                                                 
 2.00000E+00 1.00000E+00 1.00000E+00 1.00000E-05
    -3     0     0     0     0     1     0     0     0     0
 4.59048E+02-4.18743E+02-1.00000E+20 4.49390E+02-4.14828E+02 1.00000E+20
* 179 : 190                                                                 
 2.00000E+00 1.00000E+00 1.00000E+00 1.00000E-05
     1     2     0     0     0     1     0     0     0     3
 5.01716E+02-3.98262E+02-1.00000E+20 4.91389E+02-3.94193E+02 1.00000E+20
SURFMOD_8_IRON_580K                                                     
* 180 : 191                                                                 
 2.00000E+00 1.00000E+00 1.00000E+00 1.00000E-05
     1     2     0     0     0     1     0     0     0     3
 4.91389E+02-3.94193E+02-1.00000E+20 4.81061E+02-3.90124E+02 1.00000E+20
SURFMOD_8_IRON_580K                                                     
*** 4. Data for species and atomic physics module                       
**  Reactions                                                           
    97
  1 HYDHEL H.1 3.1.8    CX   1  1 0.00000E+00 0.00000E+00 0.00000E+00 0.00000E+00 0.00000E+00
  1 HYDHEL H.3 3.1.8    CX   1  1 0.00000E+00 0.00000E+00 0.00000E+00 0.00000E+00 0.00000E+00
  2 AMJUEL H.4 2.1.5    EI   0  1 0.00000E+00 0.00000E+00 0.00000E+00 0.00000E+00 0.00000E+00
  3 AMJUEL H.102.1.5    EI   0  1 0.00000E+00 0.00000E+00 0.00000E+00 0.00000E+00 0.00000E+00
  4 AMMONX H.2 ZZ       CX   1 14 0.00000E+00 0.00000E+00 0.00000E+00 0.00000E+00 0.00000E+00
  5 AMMONX H.2 DE       II   1 28 0.00000E+00 0.00000E+00 0.00000E+00 0.00000E+00 0.00000E+00
  5 AMMONX H.1 DE       II   1 28 0.00000E+00 0.00000E+00 0.00000E+00 0.00000E+00 0.00000E+00
  6 AMMONX H.2 33       CX   1  2 0.00000E+00 0.00000E+00 0.00000E+00 0.00000E+00 0.00000E+00
  7 HYDHEL H.2 2.3.9    EI   0  4 0.00000E+00 0.00000E+00 0.00000E+00 0.00000E+00 0.00000E+00
  8 AMJUEL H.0 0.2T     EL   1  4 0.00000E+00 0.00000E+00 0.00000E+00 0.00000E+00 0.00000E+00
  8 AMJUEL H.1 0.2T     EL   1  4 0.00000E+00 0.00000E+00 0.00000E+00 0.00000E+00 0.00000E+00
  8 AMJUEL H.3 0.2T     EL   1  4 0.00000E+00 0.00000E+00 0.00000E+00 0.00000E+00 0.00000E+00
  9 AMJUEL H.4 2.7A0    EI   0 14 0.00000E+00 0.00000E+00 0.00000E+00 0.00000E+00 0.00000E+00
 10 AMJUEL H.102.7A0    EI   0 14 0.00000E+00 0.00000E+00 0.00000E+00 0.00000E+00 0.00000E+00
 11 AMMONX H.2 01       EI   0 14 0.00000E+00 0.00000E+00 0.00000E+00 0.00000E+00 0.00000E+00
 12 AMMONX H.2 ZN       CX  14  2 0.00000E+00 0.00000E+00 0.00000E+00 0.00000E+00 0.00000E+00
 13 AMMONX H.2 ZO       II  14  2 0.00000E+00 0.00000E+00 0.00000E+00 0.00000E+00 0.00000E+00
 13 AMMONX H.1 ZO       II  14  2 0.00000E+00 0.00000E+00 0.00000E+00 0.00000E+00 0.00000E+00
 14 AMMONX H.2 EM       EI   0 14 0.00000E+00 0.00000E+00 0.00000E+00 0.00000E+00 0.00000E+00
 15 AMMONX H.2 ZJ       EI   0 14 0.00000E+00 0.00000E+00 0.00000E+00 0.00000E+00 0.00000E+00
 16 AMMONX H.2 ZI       EI   0 14 0.00000E+00 0.00000E+00 0.00000E+00 0.00000E+00 0.00000E+00
 17 HYDHEL H.2 2.2.9    EI   0  2 0.00000E+00 0.00000E+00 0.00000E+00 0.00000E+00 0.00000E+00
 18 HYDHEL H.2 2.2.10   DS   0  2 0.00000E+00 0.00000E+00 0.00000E+00 0.00000E+00 0.00000E+00
 19 AMMONX H.2 41       II   2 14 0.00000E+00 0.00000E+00 0.00000E+00 0.00000E+00 0.00000E+00
 19 AMMONX H.1 41       II   2 14 0.00000E+00 0.00000E+00 0.00000E+00 0.00000E+00 0.00000E+00
 20 AMMONX H.2 DF       II   2 28 0.00000E+00 0.00000E+00 0.00000E+00 0.00000E+00 0.00000E+00
 20 AMMONX H.1 DF       II   2 28 0.00000E+00 0.00000E+00 0.00000E+00 0.00000E+00 0.00000E+00
 21 AMMONX H.2 EB       II   2 14 0.00000E+00 0.00000E+00 0.00000E+00 0.00000E+00 0.00000E+00
 21 AMMONX H.1 EB       II   2 14 0.00000E+00 0.00000E+00 0.00000E+00 0.00000E+00 0.00000E+00
 22 AMMONX H.2 34       II   2  2 0.00000E+00 0.00000E+00 0.00000E+00 0.00000E+00 0.00000E+00
 23 AMMONX H.2 02       DS   0 28 0.00000E+00 0.00000E+00 0.00000E+00 0.00000E+00 0.00000E+00
 24 AMMONX H.2 03       EI   0 28 0.00000E+00 0.00000E+00 0.00000E+00 0.00000E+00 0.00000E+00
 25 AMMONX H.2 14       DS   0 28 0.00000E+00 0.00000E+00 0.00000E+00 0.00000E+00 0.00000E+00
 26 AMMONX H.2 36       II  28  2 0.00000E+00 0.00000E+00 0.00000E+00 0.00000E+00 0.00000E+00
 26 AMMONX H.1 36       II  28  2 0.00000E+00 0.00000E+00 0.00000E+00 0.00000E+00 0.00000E+00
 27 AMMONX H.2 40       II  28  3 0.00000E+00 0.00000E+00 0.00000E+00 0.00000E+00 0.00000E+00
 27 AMMONX H.1 40       II  28  3 0.00000E+00 0.00000E+00 0.00000E+00 0.00000E+00 0.00000E+00
 28 AMMONX H.2 EK       EI   0 28 0.00000E+00 0.00000E+00 0.00000E+00 0.00000E+00 0.00000E+00
 29 AMMONX H.2 DB       II  28 14 0.00000E+00 0.00000E+00 0.00000E+00 0.00000E+00 0.00000E+00
 29 AMMONX H.1 DB       II  28 14 0.00000E+00 0.00000E+00 0.00000E+00 0.00000E+00 0.00000E+00
 30 AMMONX H.2 ZH       EI   0 28 0.00000E+00 0.00000E+00 0.00000E+00 0.00000E+00 0.00000E+00
 31 AMMONX H.2 07       EI   0 15 0.00000E+00 0.00000E+00 0.00000E+00 0.00000E+00 0.00000E+00
 32 AMMONX H.2 ZM       CX  15  1 0.00000E+00 0.00000E+00 0.00000E+00 0.00000E+00 0.00000E+00
 33 AMMONX H.2 ZT       CX  15  2 0.00000E+00 0.00000E+00 0.00000E+00 0.00000E+00 0.00000E+00
 34 AMMONX H.2 ZV       II  15  3 0.00000E+00 0.00000E+00 0.00000E+00 0.00000E+00 0.00000E+00
 34 AMMONX H.1 ZV       II  15  3 0.00000E+00 0.00000E+00 0.00000E+00 0.00000E+00 0.00000E+00
 35 AMMONX H.2 ZL       CX  16  1 0.00000E+00 0.00000E+00 0.00000E+00 0.00000E+00 0.00000E+00
 36 AMMONX H.2 ZR       CX  16  2 0.00000E+00 0.00000E+00 0.00000E+00 0.00000E+00 0.00000E+00
 37 AMMONX H.2 ZU       II  16  3 0.00000E+00 0.00000E+00 0.00000E+00 0.00000E+00 0.00000E+00
 37 AMMONX H.1 ZU       II  16  3 0.00000E+00 0.00000E+00 0.00000E+00 0.00000E+00 0.00000E+00
 38 AMMONX H.2 09       EI   0 16 0.00000E+00 0.00000E+00 0.00000E+00 0.00000E+00 0.00000E+00
 39 AMMONX H.2 17       EI   0 16 0.00000E+00 0.00000E+00 0.00000E+00 0.00000E+00 0.00000E+00
 40 AMMONX H.2 11       EI   0 17 0.00000E+00 0.00000E+00 0.00000E+00 0.00000E+00 0.00000E+00
 41 AMMONX H.2 12       DS   0 17 0.00000E+00 0.00000E+00 0.00000E+00 0.00000E+00 0.00000E+00
 42 AMMONX H.2 18       DS   0 17 0.00000E+00 0.00000E+00 0.00000E+00 0.00000E+00 0.00000E+00
 43 AMMONX H.2 ZE       DS   0 17 0.00000E+00 0.00000E+00 0.00000E+00 0.00000E+00 0.00000E+00
 44 AMMONX H.2 32       CX  17  1 0.00000E+00 0.00000E+00 0.00000E+00 0.00000E+00 0.00000E+00
 45 AMMONX H.2 35       CX  17  2 0.00000E+00 0.00000E+00 0.00000E+00 0.00000E+00 0.00000E+00
 46 AMMONX H.2 39       II  17  3 0.00000E+00 0.00000E+00 0.00000E+00 0.00000E+00 0.00000E+00
 46 AMMONX H.1 39       II  17  3 0.00000E+00 0.00000E+00 0.00000E+00 0.00000E+00 0.00000E+00
 47 AMMONX H.2 DD       II  17 28 0.00000E+00 0.00000E+00 0.00000E+00 0.00000E+00 0.00000E+00
 47 AMMONX H.1 DD       II  17 28 0.00000E+00 0.00000E+00 0.00000E+00 0.00000E+00 0.00000E+00
 48 AMMONX H.2 EC       II  17 14 0.00000E+00 0.00000E+00 0.00000E+00 0.00000E+00 0.00000E+00
 48 AMMONX H.1 EC       II  17 14 0.00000E+00 0.00000E+00 0.00000E+00 0.00000E+00 0.00000E+00
 49 AMMONX H.2 20       DS   2  0 0.00000E+00 0.00000E+00 0.00000E+00 0.00000E+00 0.00000E+00
 50 AMMONX H.2 21       DS   0  3 0.00000E+00 0.00000E+00 0.00000E+00 0.00000E+00 0.00000E+00
 51 AMMONX H.2 22       DS   0  3 0.00000E+00 0.00000E+00 0.00000E+00 0.00000E+00 0.00000E+00
 52 AMMONX H.2 24       DS  15  0 0.00000E+00 0.00000E+00 0.00000E+00 0.00000E+00 0.00000E+00
 53 AMMONX H.2 46       II  15  2 0.00000E+00 0.00000E+00 0.00000E+00 0.00000E+00 0.00000E+00
 53 AMMONX H.1 46       II  15  2 0.00000E+00 0.00000E+00 0.00000E+00 0.00000E+00 0.00000E+00
 54 AMMONX H.2 25       DS  16  0 0.00000E+00 0.00000E+00 0.00000E+00 0.00000E+00 0.00000E+00
 55 AMMONX H.2 50       II  16  2 0.00000E+00 0.00000E+00 0.00000E+00 0.00000E+00 0.00000E+00
 55 AMMONX H.1 50       II  16  2 0.00000E+00 0.00000E+00 0.00000E+00 0.00000E+00 0.00000E+00
 56 AMMONX H.2 27       DS  17  0 0.00000E+00 0.00000E+00 0.00000E+00 0.00000E+00 0.00000E+00
 57 AMMONX H.2 28       DS  17  0 0.00000E+00 0.00000E+00 0.00000E+00 0.00000E+00 0.00000E+00
 58 AMMONX H.2 29       DS  18  0 0.00000E+00 0.00000E+00 0.00000E+00 0.00000E+00 0.00000E+00
 59 AMMONX H.2 23       DS  28  0 0.00000E+00 0.00000E+00 0.00000E+00 0.00000E+00 0.00000E+00
 60 AMMONX H.2 31       DS  29  0 0.00000E+00 0.00000E+00 0.00000E+00 0.00000E+00 0.00000E+00
 61 AMJUEL H.4 2.1.8    RC   0  1 0.00000E+00 0.00000E+00 0.00000E+00 0.00000E+00 0.00000E+00
 62 AMJUEL H.102.1.8    RC   0  1 1.36000E+01 0.00000E+00 0.00000E+00 0.00000E+00 0.00000E+00
 63 ADAS   H.4 acd96    RC   0  4 0.00000E+00 0.00000E+00 0.00000E+00 0.00000E+00 0.00000E+00
    He   1
 64 ADAS   H.10prb96    RC   0  4 2.45874E+01 0.00000E+00 0.00000E+00 0.00000E+00 0.00000E+00
    He   1
 65 AMJUEL H.4 2.3.7A0  RC   0 14 0.00000E+00 0.00000E+00 0.00000E+00 0.00000E+00 0.00000E+00
 66 AMJUEL H.102.3.7A0  RC   0 14 1.45341E+01 0.00000E+00 0.00000E+00 0.00000E+00 0.00000E+00
 67 CONST  H.2          EL   1  1  0.0000E+00  0.0000E+00  0.0000E+00           
 -2.1322E+01  2.5000E-01  0.0000E+00  0.0000E+00  0.0000E+00  0.0000E+00        
  0.0000E+00  0.0000E+00  0.0000E+00                                            
 68 CONST  H.2          EL   2  2  0.0000E+00  0.0000E+00  0.0000E+00           
 -2.0945E+01  2.5000E-01  0.0000E+00  0.0000E+00  0.0000E+00  0.0000E+00        
  0.0000E+00  0.0000E+00  0.0000E+00                                            
 69 CONST  H.2          EL   1  2  0.0000E+00  0.0000E+00  0.0000E+00           
 -2.0669E+01  2.5000E-01  0.0000E+00  0.0000E+00  0.0000E+00  0.0000E+00        
  0.0000E+00  0.0000E+00  0.0000E+00                                            
 70 CONST  H.2          EL   2  1  0.0000E+00  0.0000E+00  0.0000E+00           
 -2.0669E+01  2.5000E-01  0.0000E+00  0.0000E+00  0.0000E+00  0.0000E+00        
  0.0000E+00  0.0000E+00  0.0000E+00                                            
 71 CONST  H.2          EL   1  4  0.0000E+00  0.0000E+00  0.0000E+00           
 -2.1014E+01  2.5000E-01  0.0000E+00  0.0000E+00  0.0000E+00  0.0000E+00        
  0.0000E+00  0.0000E+00  0.0000E+00                                            
 72 CONST  H.2          EL   4  1  0.0000E+00  0.0000E+00  0.0000E+00           
 -2.1014E+01  2.5000E-01  0.0000E+00  0.0000E+00  0.0000E+00  0.0000E+00        
  0.0000E+00  0.0000E+00  0.0000E+00                                            
 73 CONST  H.2          EL   2  4  0.0000E+00  0.0000E+00  0.0000E+00           
 -2.0831E+01  2.5000E-01  0.0000E+00  0.0000E+00  0.0000E+00  0.0000E+00        
  0.0000E+00  0.0000E+00  0.0000E+00                                            
 74 CONST  H.2          EL   4  2  0.0000E+00  0.0000E+00  0.0000E+00           
 -2.0831E+01  2.5000E-01  0.0000E+00  0.0000E+00  0.0000E+00  0.0000E+00        
  0.0000E+00  0.0000E+00  0.0000E+00                                            
 75 CONST  H.2          EL   4  4  0.0000E+00  0.0000E+00  0.0000E+00           
 -2.1572E+01  2.5000E-01  0.0000E+00  0.0000E+00  0.0000E+00  0.0000E+00        
  0.0000E+00  0.0000E+00  0.0000E+00                                            
 76 AMJUEL H.0 0.3T     EL   1  2  0.0000E+00  0.0000E+00  0.0000E+00           
 76 AMJUEL H.1 0.3T     EL   1  2  0.0000E+00  0.0000E+00  0.0000E+00           
 76 AMJUEL H.3 0.3T     EL   1  2  0.0000E+00  0.0000E+00  0.0000E+00           
 77 AMJUEL H.2 3.2.3    CX   1  2  0.0000E+00  0.0000E+00  0.0000E+00           
 78 AMJUEL H.4 2.2.11   EI   0  2  0.0000E+00  0.0000E+00  0.0000E+00           
 79 AMJUEL H.4 2.2.12   DS   0  2  0.0000E+00  0.0000E+00  0.0000E+00           
 80 AMJUEL H.4 2.2.14   DS   0  2  0.0000E+00  0.0000E+00  0.0000E+00           
 81 AMJUEL H.8 2.2.14   DS   0  2  0.0000E+00  0.0000E+00  0.0000E+00           
 82 CONST  H.2          EL   1 14  0.0000E+00  0.0000E+00  0.0000E+00           
 -2.0686E+01  2.5000E-01  0.0000E+00  0.0000E+00  0.0000E+00  0.0000E+00        
  0.0000E+00  0.0000E+00  0.0000E+00                                            
 83 CONST  H.2          EL  14  1  0.0000E+00  0.0000E+00  0.0000E+00           
 -2.0686E+01  2.5000E-01  0.0000E+00  0.0000E+00  0.0000E+00  0.0000E+00        
  0.0000E+00  0.0000E+00  0.0000E+00                                            
 84 CONST  H.2          EL   2 14  0.0000E+00  0.0000E+00  0.0000E+00           
 -2.0686E+01  2.5000E-01  0.0000E+00  0.0000E+00  0.0000E+00  0.0000E+00        
  0.0000E+00  0.0000E+00  0.0000E+00                                            
 85 CONST  H.2          EL  14  2  0.0000E+00  0.0000E+00  0.0000E+00           
 -2.0686E+01  2.5000E-01  0.0000E+00  0.0000E+00  0.0000E+00  0.0000E+00        
  0.0000E+00  0.0000E+00  0.0000E+00                                            
 86 CONST  H.2          EL   4 14  0.0000E+00  0.0000E+00  0.0000E+00           
 -2.0686E+01  2.5000E-01  0.0000E+00  0.0000E+00  0.0000E+00  0.0000E+00        
  0.0000E+00  0.0000E+00  0.0000E+00                                            
 87 CONST  H.2          EL  14  4  0.0000E+00  0.0000E+00  0.0000E+00           
 -2.0686E+01  2.5000E-01  0.0000E+00  0.0000E+00  0.0000E+00  0.0000E+00        
  0.0000E+00  0.0000E+00  0.0000E+00                                            
 88 CONST  H.2          EL  14 14  0.0000E+00  0.0000E+00  0.0000E+00           
 -2.0686E+01  2.5000E-01  0.0000E+00  0.0000E+00  0.0000E+00  0.0000E+00        
  0.0000E+00  0.0000E+00  0.0000E+00      
 89 CONST  H.2          EL   1 28  0.0000E+00  0.0000E+00  0.0000E+00           
 -2.0686E+01  2.5000E-01  0.0000E+00  0.0000E+00  0.0000E+00  0.0000E+00        
  0.0000E+00  0.0000E+00  0.0000E+00                                            
 90 CONST  H.2          EL  28  1  0.0000E+00  0.0000E+00  0.0000E+00           
 -2.0686E+01  2.5000E-01  0.0000E+00  0.0000E+00  0.0000E+00  0.0000E+00        
  0.0000E+00  0.0000E+00  0.0000E+00                                            
 91 CONST  H.2          EL   2 28  0.0000E+00  0.0000E+00  0.0000E+00           
 -2.0686E+01  2.5000E-01  0.0000E+00  0.0000E+00  0.0000E+00  0.0000E+00        
  0.0000E+00  0.0000E+00  0.0000E+00                                            
 92 CONST  H.2          EL  28  2  0.0000E+00  0.0000E+00  0.0000E+00           
 -2.0686E+01  2.5000E-01  0.0000E+00  0.0000E+00  0.0000E+00  0.0000E+00        
  0.0000E+00  0.0000E+00  0.0000E+00                                            
 93 CONST  H.2          EL   4 28  0.0000E+00  0.0000E+00  0.0000E+00           
 -2.0686E+01  2.5000E-01  0.0000E+00  0.0000E+00  0.0000E+00  0.0000E+00        
  0.0000E+00  0.0000E+00  0.0000E+00                                            
 94 CONST  H.2          EL  28  4  0.0000E+00  0.0000E+00  0.0000E+00           
 -2.0686E+01  2.5000E-01  0.0000E+00  0.0000E+00  0.0000E+00  0.0000E+00        
  0.0000E+00  0.0000E+00  0.0000E+00      
 95 CONST  H.2          EL  14  28  0.0000E+00  0.0000E+00  0.0000E+00           
 -2.0686E+01  2.5000E-01  0.0000E+00  0.0000E+00  0.0000E+00  0.0000E+00        
  0.0000E+00  0.0000E+00  0.0000E+00  
 96 CONST  H.2          EL  28  14  0.0000E+00  0.0000E+00  0.0000E+00           
 -2.0686E+01  2.5000E-01  0.0000E+00  0.0000E+00  0.0000E+00  0.0000E+00        
  0.0000E+00  0.0000E+00  0.0000E+00                                     
 97 CONST  H.2          EL  28  28  0.0000E+00  0.0000E+00  0.0000E+00           
 -2.0686E+01  2.5000E-01  0.0000E+00  0.0000E+00  0.0000E+00  0.0000E+00        
  0.0000E+00  0.0000E+00  0.0000E+00                                       
** 4a. Neutral atom species                                             
     5
 1 D         2  1  1  0  1 -1  0 10  0  0  0
     1   114   111   114  1001     0     0
 0.00000E+00 0.00000E+00 0.00000E+00 0.00000E+00 1.00000E+00 0.00000E+00
     2   115   114     0 30000     0     0
 3.00000E+00 0.00000E+00 0.00000E+00 0.00000E+00 1.00000E+00 0.00000E+00
     4   414   311   114  1001     0     0
 0.00000E+00 0.00000E+00 0.00000E+00 0.00000E+00 1.00000E+00 0.00000E+00
     5  1114   212   111  1001     0   312
 0.00000E+00 0.00000E+00 0.00000E+00 0.00000E+00 1.00000E+00 0.00000E+00
     6  1214   112   114  1001     0   113
 0.00000E+00 0.00000E+00 0.00000E+00 0.00000E+00 1.00000E+00 0.00000E+00
    67  3014   111  3014  1001     0   111
  0.0000E+00  0.0000E+00  0.0000E+00  0.0000E+00  0.0000E+00  0.0000E+00
    69  3214   111  3214  1001     0   112
  0.0000E+00  0.0000E+00  0.0000E+00  0.0000E+00  0.0000E+00  0.0000E+00
    71  3414   111  3414  1001     0   211
  0.0000E+00  0.0000E+00  0.0000E+00  0.0000E+00  0.0000E+00  0.0000E+00
    82  3914   111  3914  1001     0   311
  0.0000E+00  0.0000E+00  0.0000E+00  0.0000E+00  0.0000E+00  0.0000E+00
    89  4614   111  4614  1001     0   212
  0.0000E+00  0.0000E+00  0.0000E+00  0.0000E+00  0.0000E+00  0.0000E+00
 2 He        4  2  1  0  2  2  0  7  0  0  0
     7   115   214     0     0     0     0
-2.45500E+01 0.00000E+00 0.00000E+00 0.00000E+00 1.00000E+00 0.00000E+00
     8   114   211   114  1001     0     0
 0.00000E+00 0.00000E+00 0.00000E+00 0.00000E+00 1.00000E+00 0.00000E+00
    72  3514   211  3514  1001     0   111
  0.0000E+00  0.0000E+00  0.0000E+00  0.0000E+00  0.0000E+00  0.0000E+00
    74  3714   211  3714  1001     0   112
  0.0000E+00  0.0000E+00  0.0000E+00  0.0000E+00  0.0000E+00  0.0000E+00
    75  3814   211  3814  1001     0   211
  0.0000E+00  0.0000E+00  0.0000E+00  0.0000E+00  0.0000E+00  0.0000E+00
    86  4314   211  4314  1001     0   311
  0.0000E+00  0.0000E+00  0.0000E+00  0.0000E+00  0.0000E+00  0.0000E+00
    93  5014   211  5014  1001     0   212
  0.0000E+00  0.0000E+00  0.0000E+00  0.0000E+00  0.0000E+00  0.0000E+00
 3 N        14  7  1  0  3  3  0 10  0  0  0
     9   115   414     0 30000     0     0
 1.00000E+01 0.00000E+00 0.00000E+00 0.00000E+00 1.00000E+00 0.00000E+00
    11   115   414     0     0     0     0
-0.00000E+00 0.00000E+00 0.00000E+00 0.00000E+00 1.00000E+00 0.00000E+00
    12  1314   112   414  1001     0   113
 0.00000E+00 0.00000E+00 0.00000E+00 0.00000E+00 1.00000E+00 0.00000E+00
    13  1314   111   313  1001     0   113
 0.00000E+00 0.00000E+00 0.00000E+00 0.00000E+00 1.00000E+00 0.00000E+00
    14   115   511     0     0     0     0
-0.00000E+00 0.00000E+00 0.00000E+00 0.00000E+00 1.00000E+00 0.00000E+00
    73  4014   311  4014  1001     0   111
  0.0000E+00  0.0000E+00  0.0000E+00  0.0000E+00  0.0000E+00  0.0000E+00
    85  4214   311  4214  1001     0   112
  0.0000E+00  0.0000E+00  0.0000E+00  0.0000E+00  0.0000E+00  0.0000E+00
    87  4414   311  4414  1001     0   211
  0.0000E+00  0.0000E+00  0.0000E+00  0.0000E+00  0.0000E+00  0.0000E+00
    88  4514   311  4514  1001     0   311
  0.0000E+00  0.0000E+00  0.0000E+00  0.0000E+00  0.0000E+00  0.0000E+00
    95  5214   311  5214  1001     0   212
  0.0000E+00  0.0000E+00  0.0000E+00  0.0000E+00  0.0000E+00  0.0000E+00
 4 N*(2P)   14  7  1  0  3  3  0  1  0  0  0
    15   115   414     0     0     0     0
-0.00000E+00 0.00000E+00 0.00000E+00 0.00000E+00 1.00000E+00 0.00000E+00
 5 N*(2D)   14  7  1  0  3  3  0  1  0  0  0
    16   115   414     0     0     0     0
-0.00000E+00 0.00000E+00 0.00000E+00 0.00000E+00 1.00000E+00 0.00000E+00
** 4b. Neutral molecule species                                         
     6
 1 D2        4  2  2  0  0  1  0 13  0  0  0  1
    17   115   113     0     0     0     0
-1.54000E+01 0.00000E+00 0.00000E+00 0.00000E+00 1.00000E+00
    18   115   111   114     0     0     0
-2.50000E+01 0.00000E+00 5.00000E+00 5.00000E+00 1.00000E+00
    19   414   313   111     0     0     0
 0.00000E+00 0.00000E+00 0.00000E+00 0.00000E+00 1.00000E+00
    20  1414   212   121  1001     0   312
 0.00000E+00 0.00000E+00 0.00000E+00 0.00000E+00 1.00000E+00
    21  1514   412   111  1001     0   511
 0.00000E+00 0.00000E+00 0.00000E+00 0.00000E+00 1.00000E+00
    22  1614   213   111  1001     0   113
 0.00000E+00 0.00000E+00 0.00000E+00 0.00000E+00 1.00000E+00
    68  3114   112  3114  1001     0   112
  0.0000E+00  0.0000E+00  0.0000E+00  0.0000E+00  0.0000E+00
    70  3314   112  3314  1001     0   111
  0.0000E+00  0.0000E+00  0.0000E+00  0.0000E+00  0.0000E+00
    73  3614   112  3614  1001     0   211
  0.0000E+00  0.0000E+00  0.0000E+00  0.0000E+00  0.0000E+00
    76   114   112   114  1001     0     0
  0.0000E+00  0.0000E+00  0.0000E+00  0.0000E+00  0.0000E+00
    77   114   111   113  1001     0     0
  0.0000E+00  0.0000E+00  0.0000E+00  0.0000E+00  0.0000E+00
    84  4114   112  4114  1001     0   311
  0.0000E+00  0.0000E+00  0.0000E+00  0.0000E+00  0.0000E+00
    91  4814   112  4814  1001     0   212
  0.0000E+00  0.0000E+00  0.0000E+00  0.0000E+00  0.0000E+00
 2 N2       28 14  2  0  0  7  0 11  0  0  0  3
    23   115   414   311     0     0     0
-0.00000E+00 0.00000E+00 0.00000E+00 0.00000E+00 1.00000E+00
    24   115   713     0     0     0     0
-0.00000E+00 0.00000E+00 0.00000E+00 0.00000E+00 1.00000E+00
    25   115   311   511     0     0     0
-0.00000E+00 0.00000E+00 0.00000E+00 0.00000E+00 1.00000E+00
    26  1714   111   813  1001     0   113
 0.00000E+00 0.00000E+00 0.00000E+00 0.00000E+00 1.00000E+00
    27  1814   112   813  1001     0   213
 0.00000E+00 0.00000E+00 0.00000E+00 0.00000E+00 1.00000E+00
    28   115   312     0     0     0     0
-0.00000E+00 0.00000E+00 0.00000E+00 0.00000E+00 1.00000E+00
    90  4714   212  4714  1001     0   111
  0.0000E+00  0.0000E+00  0.0000E+00  0.0000E+00  0.0000E+00
    92  4914   212  4914  1001     0   112
  0.0000E+00  0.0000E+00  0.0000E+00  0.0000E+00  0.0000E+00
    94  5114   212  5114  1001     0   211
  0.0000E+00  0.0000E+00  0.0000E+00  0.0000E+00  0.0000E+00
    96  5314   212  5314  1001     0   311
  0.0000E+00  0.0000E+00  0.0000E+00  0.0000E+00  0.0000E+00
    97  5414   212  5414  1001     0   212
  0.0000E+00  0.0000E+00  0.0000E+00  0.0000E+00  0.0000E+00
 3 N2*(A)   28 14  2  0  0  2  0  2  0  0  0  3
    29  1914   411   212  1001     0   311
 0.00000E+00 0.00000E+00 0.00000E+00 0.00000E+00 1.00000E+00
    30   115   713     0     0     0     0
-0.00000E+00 0.00000E+00 0.00000E+00 0.00000E+00 1.00000E+00
 4 ND       16  8  2  0  0  7  0  4  0  0  0  3
    31   115   313     0     0     0     0
-0.00000E+00 0.00000E+00 0.00000E+00 0.00000E+00 1.00000E+00
    32   114   111   313  1001     0     0
 0.00000E+00 0.00000E+00 0.00000E+00 0.00000E+00 1.00000E+00
    33  2014   112   313  1001     0   113
 0.00000E+00 0.00000E+00 0.00000E+00 0.00000E+00 1.00000E+00
    34  2114   112   413  1001     0   213
 0.00000E+00 0.00000E+00 0.00000E+00 0.00000E+00 1.00000E+00
 5 ND2      18  9  3  0  0  7  0  5  0  0  0  3
    35   114   111   413  1001     0     0
 0.00000E+00 0.00000E+00 0.00000E+00 0.00000E+00 1.00000E+00
    36  2214   112   413  1001     0   113
 0.00000E+00 0.00000E+00 0.00000E+00 0.00000E+00 1.00000E+00
    37  2314   112   513  1001     0   213
 0.00000E+00 0.00000E+00 0.00000E+00 0.00000E+00 1.00000E+00
    38   115   413     0     0     0     0
-0.00000E+00 0.00000E+00 0.00000E+00 0.00000E+00 1.00000E+00
    39   115   412   111     0     0     0
-0.00000E+00 0.00000E+00 0.00000E+00 0.00000E+00 1.00000E+00
 6 ND3      20 10  4  0  0  6  3  9  0  0  0  3
    40   115   513     0     0     0     0     0
-0.00000E+00 0.00000E+00 0.00000E+00 0.00000E+00 1.00000E+00
    41   115   413   111     0     0     0     0
-0.00000E+00 0.00000E+00 0.00000E+00 0.00000E+00 1.00000E+00
    42   115   512   111     0     0     0     0
-0.00000E+00 0.00000E+00 0.00000E+00 0.00000E+00 1.00000E+00
    43   115   412   121     0     0     0     0
-0.00000E+00 0.00000E+00 0.00000E+00 0.00000E+00 1.00000E+00
    44   114   111   513     0  1001     0     0
 0.00000E+00 0.00000E+00 0.00000E+00 0.00000E+00 1.00000E+00
    45  2414   112   513     0  1001     0   113
 0.00000E+00 0.00000E+00 0.00000E+00 0.00000E+00 1.00000E+00
    46  2514   112   613     0  1001     0   213
 0.00000E+00 0.00000E+00 0.00000E+00 0.00000E+00 1.00000E+00
    47  2614   212   512   111  1001     0   312
 0.00000E+00 0.00000E+00 0.00000E+00 0.00000E+00 1.00000E+00
    48  2714   412   512     0  1001     0   511
 0.00000E+00 0.00000E+00 0.00000E+00 0.00000E+00 1.00000E+00
** 4c. Test ion species                                                 
     1
 1 D2+       4  2  2  1  0 -1  0  4 -1  0  0  1
    49   115   121     0     0     0     0
-0.00000E+00 0.00000E+00 0.00000E+00 0.00000E+00 1.00000E+00
    78   115   124     0     0     0     0
 -1.5500E+01  0.0000E+00  2.5000E-01  2.5000E-01  0.0000E+00
    79   115   111   114     0     0     0
 -1.0500E+01  0.0000E+00  4.3000E+00  4.3000E+00  0.0000E+00
    80   115   121     0 30002     0     0
  6.7000E+01  0.0000E+00  5.0000E-01  5.0000E-01  0.0000E+00
*** 5. Data for plasma background                                       
** 5a. Bulk ion species                                                 
    54
 1 D+        2  1  1  1  1 -1  0  1  0  0  0  0             0
    61   115   111     0 30000
 6.20000E+01 0.00000E+00 0.00000E+00 0.00000E+00 1.00000E+00
 2 He+       4  2  1  1  2  2  0  1  0  0  0  0             0
    63   115   211     0 30000
 6.40000E+01 0.00000E+00 0.00000E+00 0.00000E+00 1.00000E+00
 3 He++      4  2  1  2  2  2  0  0  0  0  0  0             0
 4 N+       14  7  1  1  3  3  0  1  0  0  0  0             0
    65   115   311     0 30000
 6.60000E+01 0.00000E+00 0.00000E+00 0.00000E+00 1.00000E+00
 5 N++      14  7  1  2  3  3  0  0  0  0  0  0             0
 6 N3+      14  7  1  3  3  3  0  0  0  0  0  0             0
 7 N4+      14  7  1  4  3  3  0  0  0  0  0  0             0
 8 N5+      14  7  1  5  3  3  0  0  0  0  0  0             0
 9 N6+      14  7  1  6  3  3  0  0  0  0  0  0             0
10 N7+      14  7  1  7  3  3  0  0  0  0  0  0             0
11 N2*(A)D( 28 14  2  0  0  2  0  0  0  0  0  0             0
12 D2+D(B)   4  2  2  1  0 -1  0  0  0  0  0  0             0
13 D2+N(B)   4  2  2  1  0 -1  0  0  0  0  0  0             0
14 N2*(A)D2 28 14  2  0  0  2  0  0  0  0  0  0             0
15 N*(2D)D2 14  7  1  0  3  3  0  0  0  0  0  0             0
16 D2+D2(B)  4  2  2  1  0 -1  0  0  0  0  0  0             0
17 D2+N2(B)  4  2  2  1  0 -1  0  0  0  0  0  0             0
18 D3+N2(B)  6  3  3  1  0 -1  0  0  0  0  0  0             0
19 NN2*(A)( 14  7  1  0  3  3  0  0  0  0  0  0             0
20 D2+ND(B)  4  2  2  1  0 -1  0  0  0  0  0  0             0
21 D3+ND(B)  6  3  3  1  0 -1  0  0  0  0  0  0             0
22 D2+ND2(B  4  2  2  1  0 -1  0  0  0  0  0  0             0
23 D3+ND2(B  6  3  3  1  0 -1  0  0  0  0  0  0             0
24 D2+ND3(B  4  2  2  1  0 -1  0  0  0  0  0  0             0
25 D3+ND3(B  6  3  3  1  0 -1  0  0  0  0  0  0             0
26 N2*(A)ND 28 14  2  0  0  2  0  0  0  0  0  0             0
27 N*(2D)ND 14  7  1  0  3  3  0  0  0  0  0  0             0
28 D2ND+(B)  4  2  2  0  0  1  0  0  0  0  0  0             0
29 D2ND2+(B  4  2  2  0  0  1  0  0  0  0  0  0             0
30 D(B)      2  1  1  0  1 -1  0  0 54  0  0  0             1
31 D2(B)     4  2  2  0  0 -1  0  0 54  0  0  0             1
32 DD2(B)    2  1  1  0  1 -1  0  0 54  0  0  0             1
33 D2D(B)    4  2  2  0  0 -1  0  0 54  0  0  0             1
34 DHe(B)    2  1  1  0  1 -1  0  0 54  0  0  0             1
35 HeD(B)    4  2  1  0  2  2  0  0 54  0  0  0             1
36 D2He(B)   4  2  2  0  0 -1  0  0 54  0  0  0             1
37 HeD2(B)   4  2  1  0  2  2  0  0 54  0  0  0             1
38 He(B)     4  2  1  0  2  2  0  0 54  0  0  0             1
39 DN(B)     2  1  1  0  1 -1  0  0 54  0  0  0             1
40 ND(B)    14  7  1  0  3 -2  0  0 54  0  0  0             1
41 D2N(B)    4  2  2  0  0 -1  0  0 54  0  0  0             1
42 ND2(B)   14  7  1  0  3 -2  0  0 54  0  0  0             1
43 HeN(B)    4  2  1  0  2  2  0  0 54  0  0  0             1
44 NHe(B)   14  7  1  0  3 -2  0  0 54  0  0  0             1
45 N(B)     14  7  1  0  3 -2  0  0 54  0  0  0             1
46 DN2(B)    2  1  1  0  1 -1  0  0 54  0  0  0             1
47 N2D(B)   28 14  2  0  0 -2  0  0 54  0  0  0             1
48 D2N2(B)   4  2  2  0  0 -1  0  0 54  0  0  0             1
49 N2D2(B)  28 14  2  0  0 -2  0  0 54  0  0  0             1
50 HeN2(B)   4  2  1  0  2  2  0  0 54  0  0  0             1
51 N2He(B)  28 14  2  0  0 -2  0  0 54  0  0  0             1
52 NN2(B)   14  7  1  0  3 -2  0  0 54  0  0  0             1
53 N2N(B)   28 14  2  0  0 -2  0  0 54  0  0  0             1
54 N2N2(B)  28 14  2  0  0 -2  0  0 54  0  0  0             1
** 5b. Plasma background data                                           
     6     6     6     6     6     6     0     0     0     0     0     0
 0.00000E+00 0.00000E+00 0.00000E+00 0.00000E+00 0.00000E+00 0.00000E+00
*** 6a. General data for reflection model                               
T
D_on_C  
D_on_Be 
D_on_W  
D_on_Fe 
He_on_Be
He_on_W 
He_on_Fe
N_on_Be 
N_on_W  
N_on_Fe 
 1.00000E+00 1.00000E+00 1.00000E+00 1.00000E+00 1.00000E+00
 0.00000E+00 0.10000E+00 0.00000E+00 0.30000E+00 0.30000E+00 0.30000E+00
 1.00000E+00 1.00000E+00 1.00000E+00 1.00000E+00 1.00000E+00 1.00000E+00
 1.00000E+00 1.00000E+00
 1.00000E+00 5.00000E-01 5.00000E-01 1.42857E-01 1.42857E-01 1.42857E-01
 1.42857E-01 1.42857E-01 1.42857E-01 1.42857E-01 0.00000E+00 0.00000E+00
 0.00000E+00 0.00000E+00 0.00000E+00 0.00000E+00 0.00000E+00 0.00000E+00
 0.00000E+00 0.00000E+00 0.00000E+00 0.00000E+00 0.00000E+00 0.00000E+00
 0.00000E+00 0.00000E+00 0.00000E+00 0.00000E+00 0.00000E+00 0.00000E+00
 0.00000E+00 0.00000E+00 0.00000E+00 0.00000E+00 0.00000E+00 0.00000E+00
 0.00000E+00 0.00000E+00 0.00000E+00 0.00000E+00 0.00000E+00 0.00000E+00
 0.00000E+00 0.00000E+00 0.00000E+00 0.00000E+00 0.00000E+00 0.00000E+00
 0.00000E+00 0.00000E+00 0.00000E+00 0.00000E+00 0.00000E+00 0.00000E+00
 1.00000E+00 5.00000E+01 1.00000E-01 0.00000E+00 0.00000E+00 0.00000E+00
SURFMOD_1_BERYLLIUM_SPT_1160K                                            
     1     2     0     0     1
 1.84740E+04-1.00000E-01 0.00000E+00 0.00000E+00 0.00000E+00-1.00000E+00
 1.00000E+00 1.00000E+00 1.00000E+00 1.00000E+00 5.00000E-01 1.00000E+00
 1.00000E+00 1.00000E+00 0.00000E+00 0.00000E+00 1.00000E+00
SURFMOD_2_BERYLLIUM_SPT_580K                                            
     1     2     3     0     1
 9.04000E+02-5.00000E-02 0.00000E+00 0.00000E+00 0.00000E+00-1.00000E+00
 1.00000E+00 1.00000E+00 1.00000E+00 1.00000E+00 5.00000E-01 1.00000E+00
 1.00000E+00 1.00000E+00 0.00000E+00 0.00000E+00 1.00000E+00
SURFMOD_3_BERYLLIUM_812K                                                 
     1     0     0     0     1
 1.84740E+04-7.00000E-02 0.00000E+00 0.00000E+00 0.00000E+00-1.00000E+00
 1.00000E+00 1.00000E+00 1.00000E+00 1.00000E+00 5.00000E-01 1.00000E+00
 1.00000E+00 1.00000E+00 0.00000E+00 0.00000E+00 1.00000E+00
SURFMOD_4_BERYLLIUM_580K                                                 
     1     0     0     0     1
 1.84740E+04-5.00000E-02 0.00000E+00 0.00000E+00 0.00000E+00-1.00000E+00
 1.00000E+00 1.00000E+00 1.00000E+00 1.00000E+00 5.00000E-01 1.00000E+00
 1.00000E+00 1.00000E+00 0.00000E+00 0.00000E+00 1.00000E+00
SURFMOD_5_BERYLLIUM_1160K                                                
     1     0     0     0     1
 1.84740E+04-1.00000E-01 0.00000E+00 0.00000E+00 0.00000E+00-1.00000E+00
 1.00000E+00 1.00000E+00 1.00000E+00 1.00000E+00 5.00000E-01 1.00000E+00
 1.00000E+00 1.00000E+00 0.00000E+00 0.00000E+00 1.00000E+00
SURFMOD_6_IRON_SMTRANS_580K                                             
     1     0     0     0     1
 5.62600E+03-5.00000E-02 0.00000E+00 5.00000E-01 1.00000E+00-1.00000E+00
 1.00000E+00 1.00000E+00 1.00000E+00 1.00000E+00 5.00000E-01 1.00000E+00
 1.00000E+00 1.00000E+00 0.00000E+00 0.00000E+00 1.00000E+00
SURFMOD_7_IRON_PUMP_580K                                                
     1     0     0     0     1
 5.62600E+03-5.00000E-02 0.00000E+00 0.00000E+00 0.00000E+00-1.00000E+00
 1.00000E+00 9.92800E-01 1.00000E+00 1.00000E+00 5.00000E-01 1.00000E+00
 1.00000E+00 1.00000E+00 0.00000E+00 0.00000E+00 1.00000E+00
SURFMOD_8_IRON_580K                                                     
     1     0     0     0     1
 5.62600E+03-5.00000E-02 0.00000E+00 0.00000E+00 0.00000E+00-1.00000E+00
 1.00000E+00 1.00000E+00 1.00000E+00 1.00000E+00 5.00000E-01 1.00000E+00
 1.00000E+00 1.00000E+00 0.00000E+00 0.00000E+00 1.00000E+00
*** 7. Data for primary sources, nstrai strata                          
    20
     6     6     6     6     6     6     6     6     6     6     6     6
     6     6     6    -1    -1    -1    -1    -1
 5.00000E-01
*  16 :  Gas puffing source           1  : D2                           
FFFFF
 10000  6001     1     1   500
 1.00000E+00 0.00000E+00     0     0     0     0     0     0     0     0
FTFFF
     1
FFTFF
     4
    16     4    21     1     1     1     1     0     0
 1.00000E+00 2.04000E+02 1.60000E+01 0.00000E+00 1.00000E+03
    -1     0     0     0     0     0     0
 0.00000E+00 0.00000E+00 0.00000E+00 0.00000E+00 0.00000E+00 3.60000E+02
    17     4    22     1     1     1     1     0     0
 1.00000E+00 2.04000E+02 1.70000E+01 0.00000E+00 1.00000E+03
    -1     0     0     0     0     0     0
 0.00000E+00 0.00000E+00 0.00000E+00 0.00000E+00 0.00000E+00 3.60000E+02
    18     4    23     1     1     1     1     0     0
 1.00000E+00 2.04000E+02 1.80000E+01 0.00000E+00 1.00000E+03
    -1     0     0     0     0     0     0
 0.00000E+00 0.00000E+00 0.00000E+00 0.00000E+00 0.00000E+00 3.60000E+02
    19     4    24     1     1     1     1     0     0
 1.00000E+00 2.04000E+02 1.90000E+01 0.00000E+00 1.00000E+03
    -1     0     0     0     0     0     0
 0.00000E+00 0.00000E+00 0.00000E+00 0.00000E+00 0.00000E+00 3.60000E+02
 3.00000E-02 0.00000E+00 0.00000E+00 0.00000E+00 0.00000E+00
 1.00000E+00 9.00000E+01 0.00000E+00 0.00000E+00 0.00000E+00
*  17 :  Gas puffing source           2  : N2                           
FFFFF
 10000  6001     1     1   500
 1.00000E+00 0.00000E+00     0     0     0     0     0     0     0     0
FTFFF
     2
FFTFF
     8
    20     4   164     1     1     1     1     0     0
 1.00000E+00 2.04000E+02 2.00000E+01 0.00000E+00 1.00000E+03
    -1     0     0     0     0     0     0
 0.00000E+00 0.00000E+00 0.00000E+00 0.00000E+00 0.00000E+00 3.60000E+02
    21     4   165     1     1     1     1     0     0
 1.00000E+00 2.04000E+02 2.10000E+01 0.00000E+00 1.00000E+03
    -1     0     0     0     0     0     0
 0.00000E+00 0.00000E+00 0.00000E+00 0.00000E+00 0.00000E+00 3.60000E+02
    22     4   166     1     1     1     1     0     0
 1.00000E+00 2.04000E+02 2.20000E+01 0.00000E+00 1.00000E+03
    -1     0     0     0     0     0     0
 0.00000E+00 0.00000E+00 0.00000E+00 0.00000E+00 0.00000E+00 3.60000E+02
    23     4   167     1     1     1     1     0     0
 1.00000E+00 2.04000E+02 2.30000E+01 0.00000E+00 1.00000E+03
    -1     0     0     0     0     0     0
 0.00000E+00 0.00000E+00 0.00000E+00 0.00000E+00 0.00000E+00 3.60000E+02
    24     4   168     1     1     1     1     0     0
 1.00000E+00 2.04000E+02 2.40000E+01 0.00000E+00 1.00000E+03
    -1     0     0     0     0     0     0
 0.00000E+00 0.00000E+00 0.00000E+00 0.00000E+00 0.00000E+00 3.60000E+02
    25     4   169     1     1     1     1     0     0
 1.00000E+00 2.04000E+02 2.50000E+01 0.00000E+00 1.00000E+03
    -1     0     0     0     0     0     0
 0.00000E+00 0.00000E+00 0.00000E+00 0.00000E+00 0.00000E+00 3.60000E+02
    26     4   170     1     1     1     1     0     0
 1.00000E+00 2.04000E+02 2.60000E+01 0.00000E+00 1.00000E+03
    -1     0     0     0     0     0     0
 0.00000E+00 0.00000E+00 0.00000E+00 0.00000E+00 0.00000E+00 3.60000E+02
    27     4   171     1     1     1     1     0     0
 1.00000E+00 2.04000E+02 2.70000E+01 0.00000E+00 1.00000E+03
    -1     0     0     0     0     0     0
 0.00000E+00 0.00000E+00 0.00000E+00 0.00000E+00 0.00000E+00 3.60000E+02
 3.00000E-02 0.00000E+00 0.00000E+00 0.00000E+00 0.00000E+00
 1.00000E+00 9.00000E+01 0.00000E+00 0.00000E+00 0.00000E+00
*  18 : Volumetric recombination D                                      
FFFFF
  7000  4001     6     1     0
 1.00000E+00 0.00000E+00     0     0     0     0     0     0     0     0
FFFTF
     1
FFFTF
     1
    28     0     0     0     0     0     0     0     0
 1.00000E+00 1.40000E+02 1.00000E+00 0.00000E+00 0.00000E+00
     0     0     0     0     0     0     0
 0.00000E+00 0.00000E+00 0.00000E+00 0.00000E+00 0.00000E+00 0.00000E+00
 0.00000E+00 0.00000E+00 0.00000E+00 0.00000E+00 0.00000E+00
 0.00000E+00 0.00000E+00 0.00000E+00 0.00000E+00 0.00000E+00
*  19 : Volumetric recombination He                                     
FFFFF
  7000  4001     6     1     0
 1.00000E+00 0.00000E+00     0     0     0     0     0     0     0     0
FFFTF
     2
FFFTF
     1
    29     0     0     0     0     0     0     0     0
 1.00000E+00 1.40000E+02 2.00000E+00 0.00000E+00 0.00000E+00
     0     0     0     0     0     0     0
 0.00000E+00 0.00000E+00 0.00000E+00 0.00000E+00 0.00000E+00 0.00000E+00
 0.00000E+00 0.00000E+00 0.00000E+00 0.00000E+00 0.00000E+00
 0.00000E+00 0.00000E+00 0.00000E+00 0.00000E+00 0.00000E+00
*  20 : Volumetric recombination N                                      
FFFFF
  7000  4001     6     1     0
 1.00000E+00 0.00000E+00     0     0     0     0     0     0     0     0
FFFTF
     4
FFFTF
     1
    30     0     0     0     0     0     0     0     0
 1.00000E+00 1.40000E+02 3.00000E+00 0.00000E+00 0.00000E+00
     0     0     0     0     0     0     0
 0.00000E+00 0.00000E+00 0.00000E+00 0.00000E+00 0.00000E+00 0.00000E+00
 0.00000E+00 0.00000E+00 0.00000E+00 0.00000E+00 0.00000E+00
 0.00000E+00 0.00000E+00 0.00000E+00 0.00000E+00 0.00000E+00
*** 8. Additional data for specific zones                               
     0
*** 9. Data for statistic and nonanalog model                           
FFFFF FFFFF FFFFF FFFFF FF
     0
     0     0     0     0     0
 1.00000E+03 1.00000E-02 0.00000E+00
 2.00000E+00
**  Standard deviation                                                  
     0     0     0     0     0
*** 10. Data for additional tallies                                     
    44     0     0     0     0     0
** 10a. Volume tallies - tracklength estimator                          
     1     0     0     1
RADIAL PARTICLE FLUXES, VOLUME AVERAGED                                 
D ATOMS                 #/CM**2/S               
     1     0     0     1
RADIAL PARTICLE FLUXES, VOLUME AVERAGED                                 
He ATOMS                #/CM**2/S               
     1     0     0     1
RADIAL PARTICLE FLUXES, VOLUME AVERAGED                                 
N ATOMS                 #/CM**2/S               
     1     0     0     1
RADIAL PARTICLE FLUXES, VOLUME AVERAGED                                 
N*(2P) ATOMS            #/CM**2/S               
     1     0     0     1
RADIAL PARTICLE FLUXES, VOLUME AVERAGED                                 
N*(2D) ATOMS            #/CM**2/S               
     1     0     0     2
RADIAL PARTICLE FLUXES, VOLUME AVERAGED                                 
D2 MOLECULES            #/CM**2/S               
     1     0     0     2
RADIAL PARTICLE FLUXES, VOLUME AVERAGED                                 
N2 MOLECULES            #/CM**2/S               
     1     0     0     2
RADIAL PARTICLE FLUXES, VOLUME AVERAGED                                 
N2*(A) MOLECULES        #/CM**2/S               
     1     0     0     2
RADIAL PARTICLE FLUXES, VOLUME AVERAGED                                 
ND MOLECULES            #/CM**2/S               
     1     0     0     2
RADIAL PARTICLE FLUXES, VOLUME AVERAGED                                 
ND2 MOLECULES           #/CM**2/S               
     1     0     0     2
RADIAL PARTICLE FLUXES, VOLUME AVERAGED                                 
ND3 MOLECULES           #/CM**2/S               
     1     0     0     1
RADIAL ENERGY FLUXES, VOLUME AVERAGED                                   
D ATOMS                 EV/CM**2/S              
     1     0     0     1
RADIAL ENERGY FLUXES, VOLUME AVERAGED                                   
He ATOMS                EV/CM**2/S              
     1     0     0     1
RADIAL ENERGY FLUXES, VOLUME AVERAGED                                   
N ATOMS                 EV/CM**2/S              
     1     0     0     1
RADIAL ENERGY FLUXES, VOLUME AVERAGED                                   
N*(2P) ATOMS            EV/CM**2/S              
     1     0     0     1
RADIAL ENERGY FLUXES, VOLUME AVERAGED                                   
N*(2D) ATOMS            #/CM**2/S               
     1     0     0     2
RADIAL ENERGY FLUXES, VOLUME AVERAGED                                   
D2 MOLECULES            #/CM**2/S               
     1     0     0     2
RADIAL ENERGY FLUXES, VOLUME AVERAGED                                   
N2 MOLECULES            #/CM**2/S               
     1     0     0     2
RADIAL ENERGY FLUXES, VOLUME AVERAGED                                   
N2*(A) MOLECULES        #/CM**2/S               
     1     0     0     2
RADIAL ENERGY FLUXES, VOLUME AVERAGED                                   
ND MOLECULES            #/CM**2/S               
     1     0     0     2
RADIAL ENERGY FLUXES, VOLUME AVERAGED                                   
ND2 MOLECULES           #/CM**2/S               
     1     0     0     2
RADIAL ENERGY FLUXES, VOLUME AVERAGED                                   
ND3 MOLECULES           EV/CM**2/S              
     1     0     0     1
PARALLEL PARTICLE FLUXES, VOLUME AVERAGED                               
D ATOMS                 #/CM**2/S               
     1     0     0     1
PARALLEL PARTICLE FLUXES, VOLUME AVERAGED                               
He ATOMS                #/CM**2/S               
     1     0     0     1
PARALLEL PARTICLE FLUXES, VOLUME AVERAGED                               
N ATOMS                 #/CM**2/S               
     1     0     0     1
PARALLEL PARTICLE FLUXES, VOLUME AVERAGED                               
N*(2P) ATOMS            #/CM**2/S               
     1     0     0     1
PARALLEL PARTICLE FLUXES, VOLUME AVERAGED                               
N*(2D) ATOMS            #/CM**2/S               
     1     0     0     2
PARALLEL PARTICLE FLUXES, VOLUME AVERAGED                               
D2 MOLECULES                                    
     1     0     0     2
PARALLEL PARTICLE FLUXES, VOLUME AVERAGED                               
N2 MOLECULES                                    
     1     0     0     2
PARALLEL PARTICLE FLUXES, VOLUME AVERAGED                               
N2*(A) MOLECULES                                
     1     0     0     2
PARALLEL PARTICLE FLUXES, VOLUME AVERAGED                               
ND MOLECULES                                    
     1     0     0     2
PARALLEL PARTICLE FLUXES, VOLUME AVERAGED                               
ND2 MOLECULES                                   
     1     0     0     2
PARALLEL PARTICLE FLUXES, VOLUME AVERAGED                               
ND3 MOLECULES                                   
     1     0     0     1
PARALLEL ENERGY FLUXES, VOLUME AVERAGED                                 
D ATOMS                 EV/CM**2/S              
     1     0     0     1
PARALLEL ENERGY FLUXES, VOLUME AVERAGED                                 
He ATOMS                EV/CM**2/S              
     1     0     0     1
PARALLEL ENERGY FLUXES, VOLUME AVERAGED                                 
N ATOMS                 EV/CM**2/S              
     1     0     0     1
PARALLEL ENERGY FLUXES, VOLUME AVERAGED                                 
N*(2P) ATOMS            EV/CM**2/S              
     1     0     0     1
PARALLEL ENERGY FLUXES, VOLUME AVERAGED                                 
N*(2D) ATOMS            EV/CM**2/S              
     1     0     0     2
PARALLEL ENERGY FLUXES, VOLUME AVERAGED                                 
D2 MOLECULES            EV/CM**2/S              
     1     0     0     2
PARALLEL ENERGY FLUXES, VOLUME AVERAGED                                 
N2 MOLECULES            EV/CM**2/S              
     1     0     0     2
PARALLEL ENERGY FLUXES, VOLUME AVERAGED                                 
N2*(A) MOLECULES        EV/CM**2/S              
     1     0     0     2
PARALLEL ENERGY FLUXES, VOLUME AVERAGED                                 
ND MOLECULES            EV/CM**2/S              
     1     0     0     2
PARALLEL ENERGY FLUXES, VOLUME AVERAGED                                 
ND2 MOLECULES           EV/CM**2/S              
     1     0     0     2
PARALLEL ENERGY FLUXES, VOLUME AVERAGED                                 
ND3 MOLECULES           EV/CM**2/S              
** 10b. Volume tallies - collisional estimator                          
** 10c. Volume tallies - algebraic expressions                          
** 10d. Surface tallies                                                 
** 10e. Surface tallies - algebraic expressions                         
** 10f. Data for energy spectra                                         
*** 11. Data for numerical and graphical output                         
FFFFF FFFFF FFFFF FFFFF FFFFF FFFFF FFFF
TFFFF FFFFF FFFFF FFFFF FF
     7     0
    14     1     4     4    91
    16     1     3     3    92
    20     1     4     4    93
    33     1     1     1    94
    38     1     4     4    95
    39     1     1     1    96
    44     1     4     4    97
     0
FFFFF FFFFF FFFFF F
     1    37     1     1    93     1     0     0     0     0
F                          0
F                          0
F                          0
F                          0
F                          0
F                          0
F                          0
F                          0
 4.85596E+02 4.85596E+02 6.20370E+02 6.85295E+00 0.00000E+00
 1.00000E+01 1.00000E+01 0.00000E+00 0.00000E+00 1.00000E+01 1.00000E+01
 1.00000E+01 1.00000E+01 0.00000E+00
     0     0     0     0     0     0     0     0     0     0     2
     0
*** 12. Data for diagnostic module                                      
     0     0     0     0     0     0     0     0
*** 13. Data for nonlinear and time dep. option                         
     0    -1
*** 14. Data for interfacing routine "infusr"                           
FTF
    10     0     1     0     0     0     1     1     1
     1     1 1.00000E+00 2.00000E+00     1
     2     2 1.00000E+00 4.00000E+00     2
     3     3 1.00000E+00 4.00000E+00     2
     4     4 1.00000E+00 1.40000E+01     3
     5     5 1.00000E+00 1.40000E+01     3
     6     6 1.00000E+00 1.40000E+01     3
     7     7 1.00000E+00 1.40000E+01     3
     8     8 1.00000E+00 1.40000E+01     3
     9     9 1.00000E+00 1.40000E+01     3
    10    10 1.00000E+00 1.40000E+01     3
    11   -13 0.00000E+00 2.80000E+01     3
    12   -13 0.00000E+00 4.00000E+00     1
    13   -13 0.00000E+00 4.00000E+00     1
    14   -13 0.00000E+00 2.80000E+01     3
    15   -13 0.00000E+00 1.40000E+01     5
    16   -13 0.00000E+00 4.00000E+00     1
    17   -13 0.00000E+00 4.00000E+00     1
    18   -13 0.00000E+00 6.00000E+00     1
    19   -13 0.00000E+00 1.40000E+01     3
    20   -13 0.00000E+00 4.00000E+00     1
    21   -13 0.00000E+00 6.00000E+00     1
    22   -13 0.00000E+00 4.00000E+00     1
    23   -13 0.00000E+00 6.00000E+00     1
    24   -13 0.00000E+00 4.00000E+00     1
    25   -13 0.00000E+00 6.00000E+00     1
    26   -13 0.00000E+00 2.80000E+01     3
    27   -13 0.00000E+00 1.40000E+01     5
    28   -13 0.00000E+00 4.00000E+00     1
    29   -13 0.00000E+00 4.00000E+00     1
    30   -13  0.0000E+00  0.0000E+00     0
    31   -13  0.0000E+00  0.0000E+00     0
    32   -13  0.0000E+00  0.0000E+00     0
    33   -13  0.0000E+00  0.0000E+00     0
    34   -13  0.0000E+00  0.0000E+00     0
    35   -13  0.0000E+00  0.0000E+00     0
    36   -13  0.0000E+00  0.0000E+00     0
    37   -13  0.0000E+00  0.0000E+00     0
    38   -13  0.0000E+00  0.0000E+00     0
    39   -13  0.0000E+00  0.0000E+00     0
    40   -13  0.0000E+00  0.0000E+00     0
    41   -13  0.0000E+00  0.0000E+00     0
    42   -13  0.0000E+00  0.0000E+00     0
    43   -13  0.0000E+00  0.0000E+00     0
    44   -13  0.0000E+00  0.0000E+00     0
    45   -13  0.0000E+00  0.0000E+00     0
    46   -13  0.0000E+00  0.0000E+00     0
    47   -13  0.0000E+00  0.0000E+00     0
    48   -13  0.0000E+00  0.0000E+00     0
    49   -13  0.0000E+00  0.0000E+00     0
    50   -13  0.0000E+00  0.0000E+00     0
    51   -13  0.0000E+00  0.0000E+00     0
    52   -13  0.0000E+00  0.0000E+00     0
    53   -13  0.0000E+00  0.0000E+00     0
    54   -13  0.0000E+00  0.0000E+00     0
    92    36
    15
     1     1     1     1     1     1     1     1     1     1     1     1
     1     1     1
     1     0    -1     1     1    37     0 25000   400     1     1     7
     2     0    -1     1     1    37     0 25000   400     2     3     7
     3     0    -1     1     1    37     0 25000   400     4    10     7
     4    92     1     1     1    37     0 25000   400     1     1     7
     5    92     1     1     1    37     0 25000   400     2     3     7
     6    92     1     1     1    37     0 25000   400     4    10     7
     7     0    -1     2     1    21     0  5000     0     1     1     7
     8     0    -1     2     1    21     0  5000     0     2     3     7
     9     0    -1     2     1    21     0  5000     0     4    10     7
    10     0    -1     2    73    93     0  5000     0     1     1     7
    11     0    -1     2    73    93     0  5000     0     2     3     7
    12     0    -1     2    73    93     0  5000     0     4    10     7
    13    36     1     2     1    93     0  5000     0     1     1     7
    14    36     1     2     1    93     0  5000     0     2     3     7
    15    36     1     2     1    93     0  5000     0     4    10     7
 6.00000E+01 6.00000E+01 1.00000E+02 5.00000E+01
     0     0     0
     0
*** 15. Data for interfacing routine "geousr"                           
     0     4
    88     1 0.00000E+00 0.00000E+00
    55     2 0.00000E+00 0.00000E+00
    76     2 0.00000E+00 0.00000E+00
    64     1 0.00000E+00 0.00000E+00
